trimestre,observado,ingenuo,promedio,OLS (nowcast.py),Ridge,LASSO,Random Forest,Gradient Boosting
2015Q1,0.143,1.09,1.031,0.833,0.754,0.77,0.553,0.056
2015Q2,2.174,0.143,1.016,1.031,0.328,0.46,0.487,0.776
2015Q3,1.221,2.174,1.035,0.891,1.028,1.006,1.176,1.471
2015Q4,-0.397,1.221,1.038,1.242,1.11,1.101,0.828,1.164
2016Q1,2.426,-0.397,1.016,1.067,1.612,1.597,1.378,1.433
2016Q2,-0.369,2.426,1.038,1.097,1.467,1.443,1.092,1.28
2016Q3,1.76,-0.369,1.016,1.057,1.329,1.327,1.554,1.689
2016Q4,1.031,1.76,1.027,0.959,0.946,0.957,0.595,0.457
2017Q1,0.513,1.031,1.027,0.966,0.719,0.798,1.202,1.188
2017Q2,2.232,0.513,1.02,1.229,1.212,1.126,1.066,1.05
2017Q3,-0.059,2.232,1.037,1.099,1.876,1.856,1.496,1.414
2017Q4,1.554,-0.059,1.022,0.931,1.088,1.065,1.088,1.213
2018Q1,0.696,1.554,1.029,1.125,0.878,0.91,0.751,0.76
2018Q2,1.009,0.696,1.025,0.921,1.178,1.143,0.873,0.838
2018Q3,-0.321,1.009,1.024,1.01,0.697,0.764,1.039,0.935
2018Q4,-0.625,-0.321,1.006,0.837,0.763,0.736,0.645,0.957
2019Q1,1.707,-0.625,0.984,1.084,0.724,0.712,1.051,1.25
2019Q2,1.405,1.707,0.994,1.196,1.471,1.459,1.193,1.25
2019Q3,0.27,1.405,0.999,0.798,1.103,1.083,0.844,0.356
2019Q4,0.495,0.27,0.99,1.112,0.905,0.897,1.152,1.354
2020Q1,0.095,0.495,0.984,1.122,1.384,1.307,1.264,1.193
2020Q2,-8.325,0.095,0.972,0.434,0.505,0.563,0.597,-0.132
2020Q3,1.133,-8.325,0.858,2.249,0.589,0.676,0.106,-2.39
2020Q4,2.742,1.133,0.861,1.844,3.545,3.507,1.655,2.048
2021Q1,4.22,2.742,0.884,1.244,2.377,2.341,1.714,2.219
2021Q2,2.229,4.22,0.923,1.412,1.487,0.935,1.397,1.471
2021Q3,3.213,2.229,0.939,1.004,1.605,1.595,1.142,0.581
2021Q4,0.784,3.213,0.965,0.917,1.094,1.083,0.742,0.676
2022Q1,0.927,0.784,0.963,0.991,0.978,0.943,1.037,1.019
2022Q2,0.662,0.927,0.963,0.639,0.795,0.585,0.746,0.815
2022Q3,1.443,0.662,0.959,1.846,1.362,1.698,1.192,1.308
2022Q4,2.031,1.443,0.965,1.047,1.379,1.902,1.838,1.454
2023Q1,0.426,2.031,0.976,0.617,0.633,0.572,0.56,0.634
2023Q2,1.634,0.426,0.97,1.612,1.478,1.49,1.498,1.587
2023Q3,0.96,1.634,0.978,0.704,1.175,1.183,1.025,1.138
2023Q4,0.831,0.96,0.977,1.378,1.245,1.211,1.304,1.307
2024Q1,1.06,0.831,0.976,1.383,1.821,1.851,1.645,1.574
2024Q2,1.142,1.06,0.977,0.669,0.89,0.846,0.742,0.631
2024Q3,0.541,1.142,0.978,1.551,1.499,1.429,1.531,1.501
2024Q4,1.304,0.541,0.974,1.282,1.786,1.768,1.477,1.287
2025Q1,0.514,1.304,0.977,1.26,1.635,1.61,1.45,1.424
2025Q2,2.563,0.514,0.973,1.534,1.825,1.818,1.317,1.198
2025Q3,0.773,2.563,0.988,0.518,1.009,0.963,1.089,0.967
2025Q4,0.442,0.773,0.986,0.562,0.104,0.079,0.651,0.825
2026Q1,0.127,0.442,0.981,1.112,0.898,0.923,0.508,1.104
2026Q2,1.167,0.127,0.973,0.947,0.929,1.007,0.762,0.919
