muestra,modelo,rmse,mejora_vs_ingenuo_pc,mejora_vs_promedio_pc,p_dm_vs_ols,p_dm_vs_promedio
completa,OLS (nowcast.py),1.595,30.455,6.299,,0.134
completa,Ridge,1.564,31.798,8.109,0.553,0.119
completa,LASSO,1.572,31.458,7.651,0.66,0.114
completa,Random Forest,1.591,30.641,6.55,0.901,0.078
completa,Gradient Boosting,1.591,30.622,6.524,0.972,0.502
sin 2020,OLS (nowcast.py),0.941,31.317,6.375,,0.121
sin 2020,Ridge,0.873,36.323,13.199,0.477,0.283
sin 2020,LASSO,0.879,35.888,12.607,0.504,0.288
sin 2020,Random Forest,0.889,35.127,11.568,0.317,0.13
sin 2020,Gradient Boosting,0.916,33.146,8.868,0.739,0.375
