ISO3,GdpPcPpp,GdpPcPppYear,GdpPcUsd,GdpPcUsdYear,WorkingAgePct,WorkingAgePctYear,DependencyRatio,DependencyRatioYear,LifeExpectancy,LifeExpectancyYear,RemittancesPctGdp,RemittancesPctGdpYear,YouthUnemployment,YouthUnemploymentYear,Gini,GiniYear,GdpGrowth,GdpGrowthYear,Inflation,InflationYear,Unemployment,UnemploymentYear,PublicDebtPctGdp,PublicDebtPctGdpYear,IncomeGroup,GdpPcGrowth
IND,10039.0709,2025.0,2702.4799,2025.0,68.4282,2025.0,46.1387,2025.0,72.235,2024.0,3.8096,2025.0,16.022,2025.0,25.5,2022.0,6.5,2026.0,4.7,2026.0,4.9,2026.0,83.4,2026.0,Lower middle income,5.63
CHN,25066.5215,2025.0,13861.9702,2025.0,69.6813,2025.0,43.5106,2025.0,78.017,2024.0,0.1539,2025.0,15.795,2025.0,36.0,2022.0,4.4,2026.0,1.2,2026.0,5.1,2026.0,106.9,2026.0,Upper middle income,4.62
USA,76931.3107,2025.0,90026.5163,2025.0,64.5137,2025.0,55.0058,2025.0,78.8902,2024.0,0.0294,2025.0,9.34,2025.0,41.8,2024.0,2.3,2026.0,3.2,2026.0,4.4,2026.0,125.8,2026.0,High income,1.79
IDN,15091.0089,2025.0,5059.626,2025.0,68.21,2025.0,46.6061,2025.0,71.288,2024.0,1.2175,2025.0,12.977,2025.0,34.4,2025.0,5.0,2026.0,3.0,2026.0,4.9,2026.0,41.5,2026.0,Upper middle income,4.24
PAK,5617.2508,2025.0,1595.9091,2025.0,59.394,2025.0,68.3671,2025.0,67.799,2024.0,9.938,2025.0,9.594,2025.0,33.5,2024.0,3.6,2026.0,7.2,2026.0,6.9,2026.0,70.1,2026.0,Lower middle income,2.0
NGA,8145.1481,2025.0,1224.2541,2025.0,56.4107,2025.0,77.2712,2025.0,54.635,2024.0,7.8368,2025.0,5.34,2025.0,33.9,2022.0,4.1,2026.0,16.0,2026.0,22.6,2018.0,32.3,2026.0,Lower middle income,2.04
BRA,20024.6968,2025.0,10713.2857,2025.0,69.133,2025.0,44.6486,2025.0,76.023,2024.0,0.2087,2025.0,13.981,2025.0,50.3,2024.0,1.9,2026.0,4.0,2026.0,6.8,2026.0,96.5,2026.0,Upper middle income,1.55
BGD,8676.7558,2025.0,2597.3435,2025.0,65.6858,2025.0,52.2398,2025.0,74.93,2024.0,7.4244,2025.0,9.385,2025.0,30.9,2022.0,4.7,2026.0,9.2,2026.0,,,41.8,2026.0,Lower middle income,3.49
RUS,42357.9883,2025.0,17546.6094,2025.0,65.1807,2025.0,53.4196,2025.0,73.4405,2024.0,0.0629,2025.0,7.613,2025.0,33.0,2023.0,1.1,2026.0,5.6,2026.0,2.4,2026.0,19.1,2026.0,High income,1.52
ETH,3094.8681,2025.0,932.7294,2025.0,57.9245,2025.0,72.6384,2025.0,67.603,2024.0,4.7667,2024.0,5.353,2025.0,31.1,2021.0,9.2,2026.0,11.8,2026.0,,,40.4,2026.0,Low income,6.67
MEX,21911.9293,2025.0,13889.234,2025.0,67.3875,2025.0,48.3955,2025.0,75.264,2024.0,3.5136,2025.0,5.714,2025.0,42.6,2024.0,1.6,2026.0,3.9,2026.0,2.7,2026.0,62.7,2026.0,Upper middle income,0.8
JPN,48283.3724,2025.0,35951.045,2025.0,58.7675,2025.0,70.1621,2025.0,84.0363,2024.0,0.1066,2025.0,3.898,2025.0,32.3,2020.0,0.7,2026.0,2.2,2026.0,2.5,2026.0,204.4,2026.0,High income,1.25
EGY,17265.1489,2025.0,3085.8071,2025.0,63.1725,2025.0,58.2966,2025.0,71.806,2024.0,11.3667,2025.0,18.293,2025.0,28.5,2021.0,4.2,2026.0,13.2,2026.0,7.4,2026.0,87.0,2026.0,Lower middle income,2.73
PHL,10747.5454,2025.0,4170.7235,2025.0,67.1371,2025.0,48.9489,2025.0,69.946,2024.0,8.5323,2025.0,7.041,2025.0,39.3,2023.0,4.1,2026.0,4.3,2026.0,4.7,2026.0,60.2,2026.0,Upper middle income,3.3
COD,1640.5662,2025.0,806.776,2025.0,50.9663,2025.0,96.208,2025.0,62.074,2024.0,3.6452,2025.0,7.848,2025.0,44.7,2020.0,5.9,2026.0,3.3,2026.0,,,24.6,2026.0,Low income,2.69
VNM,15457.3499,2025.0,5065.9909,2025.0,67.6494,2025.0,47.8209,2025.0,74.736,2024.0,,,6.165,2025.0,36.1,2022.0,7.1,2026.0,4.9,2026.0,2.1,2026.0,29.8,2026.0,Upper middle income,6.53
IRN,16833.7822,2025.0,3924.3802,2025.0,69.3971,2025.0,44.0982,2025.0,77.854,2024.0,,,21.9,2025.0,35.9,2023.0,-6.1,2026.0,68.9,2026.0,9.2,2026.0,37.3,2026.0,Upper middle income,-6.91
TUR,37300.7486,2025.0,18599.4421,2025.0,68.4062,2025.0,46.1857,2025.0,77.421,2024.0,0.0723,2024.0,16.042,2025.0,43.7,2023.0,3.4,2026.0,28.6,2026.0,8.3,2026.0,25.5,2026.0,Upper middle income,3.13
DEU,62823.7737,2025.0,60496.4351,2025.0,62.4109,2025.0,60.2284,2025.0,80.7927,2024.0,0.4732,2025.0,6.862,2025.0,33.7,2022.0,0.8,2026.0,2.7,2026.0,3.9,2026.0,64.6,2026.0,High income,1.31
TZA,3820.6118,2025.0,1318.8192,2025.0,54.6177,2025.0,83.0907,2025.0,67.212,2024.0,1.4176,2024.0,2.381,2025.0,40.5,2018.0,5.9,2026.0,4.0,2026.0,,,48.7,2026.0,Lower middle income,3.04
THA,22431.7518,2025.0,8056.5636,2025.0,69.5684,2025.0,43.7434,2025.0,76.564,2024.0,2.0884,2025.0,4.531,2025.0,33.3,2024.0,1.5,2026.0,0.9,2026.0,1.0,2026.0,66.8,2026.0,Upper middle income,1.58
GBR,53993.1173,2025.0,57601.9621,2025.0,63.3325,2025.0,57.8967,2025.0,81.3869,2024.0,0.134,2025.0,14.647,2025.0,32.4,2021.0,0.8,2026.0,3.2,2026.0,5.6,2026.0,103.6,2026.0,High income,0.25
FRA,55124.5393,2025.0,48985.7308,2025.0,61.2332,2025.0,63.31,2025.0,82.9805,2024.0,1.2001,2025.0,18.89,2025.0,31.8,2023.0,0.9,2026.0,1.8,2026.0,7.9,2026.0,118.4,2026.0,High income,0.76
ZAF,13592.0484,2025.0,6597.7145,2025.0,67.3916,2025.0,48.3865,2025.0,66.312,2024.0,0.2352,2025.0,59.93,2025.0,54.1,2022.0,1.0,2026.0,3.9,2026.0,32.5,2026.0,78.9,2026.0,Upper middle income,-0.09
ITA,53606.079,2025.0,43308.6403,2025.0,63.2447,2025.0,58.116,2025.0,83.9512,2024.0,0.5031,2025.0,20.545,2025.0,34.3,2023.0,0.5,2026.0,2.6,2026.0,6.0,2026.0,138.4,2026.0,High income,0.87
KEN,5995.4018,2025.0,2362.8609,2025.0,60.7213,2025.0,64.687,2025.0,63.834,2024.0,4.1528,2024.0,15.246,2025.0,38.5,2022.0,4.5,2026.0,5.9,2026.0,,,71.6,2026.0,Lower middle income,2.58
MMR,5137.1005,2025.0,1488.8753,2025.0,68.3991,2025.0,46.2007,2025.0,67.095,2024.0,3.4013,2019.0,9.806,2025.0,30.7,2017.0,3.0,2026.0,19.0,2026.0,,,51.9,2026.0,Lower middle income,2.39
COL,18778.6483,2025.0,8561.6209,2025.0,69.807,2025.0,43.2522,2025.0,77.913,2024.0,2.8704,2025.0,17.653,2025.0,54.4,2024.0,2.3,2026.0,5.9,2026.0,9.0,2026.0,60.9,2026.0,Upper middle income,1.34
SDN,1873.3856,2025.0,1164.5399,2025.0,56.3996,2025.0,77.3061,2025.0,66.521,2024.0,2.9021,2022.0,12.0,2022.0,,,0.7,2026.0,75.1,2026.0,61.3,2026.0,169.1,2026.0,Low income,-2.44
UGA,2980.3794,2025.0,1206.3045,2025.0,54.6603,2025.0,82.948,2025.0,68.487,2024.0,2.6514,2024.0,4.183,2025.0,42.7,2019.0,7.5,2026.0,4.0,2026.0,,,55.0,2026.0,Low income,4.82
KOR,55697.0848,2025.0,36226.9664,2025.0,69.4651,2025.0,43.9572,2025.0,83.6293,2024.0,0.3776,2025.0,6.695,2025.0,32.9,2021.0,1.9,2026.0,2.5,2026.0,2.8,2026.0,54.4,2026.0,High income,2.03
DZA,15882.7139,2025.0,6051.0032,2025.0,63.2686,2025.0,58.0564,2025.0,76.475,2024.0,0.6679,2024.0,29.444,2025.0,,,3.8,2026.0,2.9,2026.0,11.4,2019.0,59.2,2026.0,Upper middle income,2.55
IRQ,12191.5565,2025.0,5409.679,2025.0,60.5238,2025.0,65.2242,2025.0,72.424,2024.0,0.249,2024.0,32.012,2025.0,29.8,2023.0,-6.8,2026.0,3.0,2026.0,,,61.7,2026.0,Upper middle income,-8.9
ESP,49318.1056,2025.0,38627.2472,2025.0,65.7388,2025.0,52.1172,2025.0,83.8878,2024.0,0.3596,2025.0,24.745,2025.0,33.4,2023.0,2.1,2026.0,3.0,2026.0,9.8,2026.0,98.2,2026.0,High income,2.18
ARG,27846.5985,2025.0,14898.0886,2025.0,66.3499,2025.0,50.7162,2025.0,77.543,2024.0,0.1342,2025.0,19.188,2025.0,42.4,2024.0,3.5,2026.0,30.4,2026.0,7.2,2026.0,70.4,2026.0,Upper middle income,3.17
AFG,1964.4523,2024.0,416.8711,2024.0,55.0135,2025.0,81.7736,2025.0,66.289,2024.0,3.9533,2020.0,16.785,2025.0,,,3.0,2025.0,2.9,2025.0,,,8.0,2025.0,Low income,
YEM,,,633.8872,2018.0,56.4343,2025.0,77.1973,2025.0,69.439,2024.0,12.0397,2016.0,32.598,2025.0,,,0.5,2026.0,26.5,2026.0,,,,,Low income,-2.34
CAN,57989.5785,2025.0,55697.664,2025.0,64.7593,2025.0,54.4179,2025.0,82.108,2024.0,0.036,2025.0,13.8,2025.0,31.5,2022.0,1.5,2026.0,2.5,2026.0,6.5,2026.0,110.7,2026.0,High income,0.65
AGO,8760.1908,2025.0,3129.4766,2025.0,53.0066,2025.0,88.6558,2025.0,64.805,2024.0,0.0423,2025.0,27.229,2025.0,51.3,2018.0,2.3,2026.0,12.9,2026.0,,,51.6,2026.0,Lower middle income,-0.71
UKR,16155.0732,2025.0,5865.8848,2025.0,67.3339,2025.0,48.5137,2025.0,74.692,2024.0,6.2882,2024.0,19.145,2021.0,25.6,2020.0,2.0,2026.0,6.1,2026.0,10.2,2026.0,122.6,2026.0,Upper middle income,0.57
MAR,9495.4053,2025.0,4672.4683,2025.0,66.3502,2025.0,50.7154,2025.0,75.493,2024.0,7.4882,2025.0,21.882,2025.0,,,4.9,2026.0,1.3,2026.0,12.2,2026.0,65.8,2026.0,Lower middle income,4.04
POL,46924.5888,2025.0,28419.5777,2025.0,64.7858,2025.0,54.3548,2025.0,78.4098,2024.0,0.9137,2025.0,10.699,2025.0,28.5,2023.0,3.3,2026.0,3.3,2026.0,3.4,2026.0,65.7,2026.0,High income,4.08
UZB,11622.8556,2025.0,3968.272,2025.0,62.6402,2025.0,59.6418,2025.0,72.528,2024.0,14.2841,2025.0,11.381,2025.0,32.7,2025.0,6.5,2026.0,7.0,2026.0,4.3,2026.0,27.5,2026.0,Lower middle income,4.69
MOZ,1450.9596,2025.0,626.9144,2025.0,53.0976,2025.0,88.3325,2025.0,63.797,2024.0,1.1731,2024.0,11.61,2025.0,49.6,2022.0,0.5,2026.0,4.4,2026.0,,,106.1,2026.0,Low income,-2.33
MYS,35461.4466,2025.0,13124.5554,2025.0,70.6577,2025.0,41.5275,2025.0,76.821,2024.0,0.3802,2024.0,11.953,2025.0,40.7,2021.0,4.7,2026.0,1.9,2026.0,3.0,2026.0,69.5,2026.0,Upper middle income,3.57
GHA,7357.8333,2025.0,3257.1589,2025.0,60.7826,2025.0,64.5207,2025.0,65.695,2024.0,2.1214,2025.0,5.826,2025.0,43.5,2016.0,4.8,2026.0,5.8,2026.0,,,53.0,2026.0,Lower middle income,2.99
SAU,63051.0467,2025.0,34536.6555,2025.0,73.3221,2025.0,36.3845,2025.0,78.982,2024.0,0.0275,2025.0,10.01,2025.0,,,3.1,2026.0,2.3,2026.0,3.5,2024.0,32.1,2026.0,High income,1.37
PER,16079.1247,2025.0,9684.4117,2025.0,66.9194,2025.0,49.4336,2025.0,77.941,2024.0,1.5826,2025.0,9.453,2025.0,40.1,2024.0,2.8,2026.0,2.5,2026.0,6.3,2026.0,30.0,2026.0,Upper middle income,1.8
MDG,1668.477,2025.0,599.2653,2025.0,57.5894,2025.0,73.6429,2025.0,63.835,2024.0,2.3092,2024.0,5.247,2025.0,36.8,2021.0,3.6,2026.0,8.3,2026.0,,,49.3,2026.0,Low income,1.21
CIV,7014.8458,2025.0,3050.102,2025.0,56.8911,2025.0,75.7743,2025.0,62.11,2024.0,2.0327,2024.0,4.011,2025.0,35.3,2021.0,6.2,2026.0,1.8,2026.0,,,55.1,2026.0,Lower middle income,3.81
CMR,4945.9564,2025.0,1972.3816,2025.0,56.065,2025.0,78.3644,2025.0,63.968,2024.0,1.2949,2024.0,6.548,2025.0,42.2,2021.0,3.3,2026.0,3.5,2026.0,,,39.3,2026.0,Lower middle income,0.75
NPL,5276.9239,2025.0,1535.8778,2025.0,65.3238,2025.0,53.0835,2025.0,70.636,2024.0,25.9925,2024.0,20.559,2025.0,30.0,2022.0,3.0,2026.0,3.1,2026.0,,,49.6,2026.0,Lower middle income,2.96
NER,1860.5486,2025.0,775.3536,2025.0,51.1556,2025.0,95.4819,2025.0,61.433,2024.0,3.2965,2024.0,0.457,2025.0,32.9,2021.0,6.7,2026.0,0.4,2026.0,,,45.5,2026.0,Low income,3.49
VEN,,,3494.8139,2025.0,65.0657,2025.0,53.6907,2025.0,72.673,2024.0,0.247,2016.0,10.444,2025.0,,,4.0,2026.0,387.4,2026.0,35.6,2018.0,308.7,2025.0,Lower middle income,3.59
AUS,60194.0634,2025.0,65129.7228,2025.0,64.2274,2025.0,55.6968,2025.0,83.0512,2024.0,0.1114,2025.0,9.61,2025.0,33.8,2020.0,2.0,2026.0,4.0,2026.0,4.2,2026.0,50.6,2026.0,High income,1.06
PRK,,,,,68.3617,2025.0,46.2808,2025.0,73.743,2024.0,,,7.899,2025.0,,,,,,,,,,,Low income,
SYR,4579.4397,2022.0,1056.7826,2022.0,66.7201,2025.0,49.8799,2025.0,72.56,2024.0,,,33.101,2025.0,26.4,2022.0,3.4,2010.0,4.4,2010.0,8.6,2010.0,30.0,2010.0,Low income,
MLI,2993.2517,2025.0,1193.276,2025.0,51.843,2025.0,92.89,2025.0,60.675,2024.0,3.9943,2024.0,3.877,2025.0,35.7,2021.0,5.5,2026.0,2.2,2026.0,,,40.8,2026.0,Low income,2.59
BFA,2624.8286,2025.0,1147.5713,2025.0,56.1459,2025.0,78.1075,2025.0,61.292,2024.0,2.5727,2024.0,6.438,2025.0,37.4,2021.0,4.9,2026.0,1.5,2026.0,,,48.8,2026.0,Low income,2.71
LKA,14582.7604,2025.0,5002.079,2025.0,65.8245,2025.0,51.9192,2025.0,77.672,2024.0,6.7475,2024.0,18.578,2025.0,37.7,2019.0,5.0,2024.0,1.2,2024.0,4.4,2024.0,100.8,2024.0,Upper middle income,
TWN,,,,,,,,,,,,,,,,,5.2,2026.0,1.5,2026.0,3.4,2026.0,27.6,2026.0,,5.64
MWI,1623.0218,2025.0,671.5068,2025.0,57.2849,2025.0,74.5659,2025.0,67.561,2024.0,1.6511,2024.0,6.947,2025.0,38.5,2019.0,2.2,2026.0,24.4,2026.0,,,74.5,2026.0,Low income,-0.36
ZMB,3742.2565,2025.0,1317.8777,2025.0,57.0289,2025.0,75.3496,2025.0,66.528,2024.0,1.3212,2024.0,10.47,2025.0,51.5,2022.0,4.3,2026.0,9.0,2026.0,,,86.0,2025.0,Lower middle income,1.53
TCD,2480.5096,2025.0,1022.3356,2025.0,51.9194,2025.0,92.6061,2025.0,55.238,2024.0,,,1.457,2025.0,37.4,2022.0,5.2,2026.0,0.5,2026.0,,,29.9,2026.0,Low income,2.55
KAZ,37850.5791,2025.0,14692.1332,2025.0,61.8599,2025.0,61.6556,2025.0,74.531,2024.0,0.0773,2025.0,3.806,2025.0,29.2,2021.0,4.6,2026.0,10.7,2026.0,4.6,2026.0,24.9,2026.0,Upper middle income,3.45
SOM,1403.8139,2025.0,661.1739,2025.0,50.8287,2025.0,96.7394,2025.0,58.967,2024.0,,,34.23,2025.0,,,2.6,2026.0,5.9,2026.0,,,,,Low income,-0.71
CHL,30863.4223,2025.0,17994.5912,2025.0,68.8633,2025.0,45.2153,2025.0,81.359,2024.0,0.0281,2025.0,21.635,2025.0,43.0,2024.0,2.4,2026.0,2.9,2026.0,8.1,2026.0,42.5,2026.0,High income,1.97
SEN,4668.5417,2025.0,1954.7117,2025.0,58.611,2025.0,70.6164,2025.0,68.924,2024.0,10.6434,2023.0,3.616,2025.0,36.2,2021.0,2.2,2026.0,2.5,2026.0,,,132.3,2026.0,Lower middle income,-0.1
GTM,12986.5241,2025.0,6598.1803,2025.0,64.0108,2025.0,56.2237,2025.0,72.746,2024.0,19.118,2024.0,4.764,2025.0,45.2,2023.0,3.9,2026.0,2.6,2026.0,,,27.6,2026.0,Upper middle income,2.4
ROU,40845.9843,2025.0,22537.9532,2025.0,64.3063,2025.0,55.5057,2025.0,76.4585,2024.0,2.4837,2025.0,24.544,2025.0,29.8,2023.0,0.7,2026.0,7.8,2026.0,6.0,2026.0,61.9,2026.0,High income,1.27
NLD,71378.4856,2025.0,73683.9171,2025.0,64.1972,2025.0,55.7701,2025.0,81.9659,2024.0,0.3888,2024.0,8.833,2025.0,25.7,2021.0,1.2,2026.0,2.7,2026.0,4.1,2026.0,44.1,2026.0,High income,0.64
ECU,14319.2407,2025.0,7125.2762,2025.0,67.5046,2025.0,48.1381,2025.0,77.579,2024.0,5.9346,2025.0,8.16,2025.0,45.9,2025.0,2.5,2026.0,2.9,2026.0,3.1,2026.0,54.4,2025.0,Upper middle income,1.65
KHM,7300.0808,2025.0,2872.4293,2025.0,64.1256,2025.0,55.944,2025.0,70.817,2024.0,4.2877,2025.0,0.711,2025.0,,,4.0,2026.0,3.0,2026.0,,,27.1,2026.0,Lower middle income,2.86
ZWE,5529.2331,2025.0,3021.4302,2025.0,56.1549,2025.0,78.0787,2025.0,63.064,2024.0,8.4531,2024.0,15.548,2025.0,50.3,2019.0,5.0,2026.0,8.0,2026.0,,,42.3,2026.0,Lower middle income,3.1
GIN,4216.8597,2025.0,1877.2541,2025.0,55.9786,2025.0,78.6397,2025.0,60.904,2024.0,2.4648,2024.0,7.017,2025.0,29.6,2018.0,8.7,2026.0,4.1,2026.0,,,44.7,2026.0,Lower middle income,6.43
BEN,4116.2152,2025.0,1658.2731,2025.0,55.5874,2025.0,79.8969,2025.0,60.961,2024.0,1.7208,2023.0,2.887,2025.0,34.4,2021.0,7.0,2026.0,2.0,2026.0,,,57.2,2026.0,Lower middle income,4.6
RWA,3558.68,2025.0,1123.7387,2025.0,58.9564,2025.0,69.6169,2025.0,68.017,2024.0,3.4216,2024.0,16.408,2025.0,39.4,2023.0,7.2,2026.0,5.6,2026.0,,,66.8,2026.0,Low income,5.0
BDI,1066.513,2025.0,233.823,2025.0,53.4706,2025.0,87.0185,2025.0,63.818,2024.0,8.1153,2025.0,1.678,2025.0,37.5,2020.0,3.8,2026.0,14.5,2026.0,,,37.0,2026.0,Low income,1.44
BOL,11000.5345,2025.0,5147.8108,2025.0,64.8196,2025.0,54.2742,2025.0,68.739,2024.0,1.9577,2025.0,5.013,2025.0,40.9,2024.0,-3.3,2026.0,20.7,2026.0,4.5,2026.0,102.7,2026.0,Lower middle income,-4.63
SSD,,,,,58.9384,2025.0,69.6687,2025.0,57.738,2024.0,,,18.524,2023.0,44.0,2016.0,4.1,2026.0,14.0,2026.0,,,57.3,2026.0,Low income,2.07
TUN,13017.634,2025.0,4656.6382,2025.0,66.5015,2025.0,50.3726,2025.0,76.711,2024.0,6.335,2024.0,38.075,2025.0,33.7,2021.0,2.1,2026.0,6.5,2026.0,15.2,2025.0,84.9,2026.0,Lower middle income,1.56
HTI,2677.8939,2025.0,2694.1897,2025.0,64.4212,2025.0,55.2283,2025.0,65.119,2024.0,16.9486,2024.0,37.518,2025.0,,,-1.7,2026.0,23.5,2026.0,,,10.7,2026.0,Lower middle income,-2.8
BEL,63488.4218,2025.0,60750.2736,2025.0,63.3353,2025.0,57.8899,2025.0,82.3,2024.0,2.2533,2025.0,17.777,2025.0,26.8,2023.0,0.7,2026.0,2.8,2026.0,6.2,2026.0,109.2,2026.0,High income,0.56
DOM,24543.3422,2025.0,11059.2082,2025.0,65.6131,2025.0,52.4087,2025.0,73.868,2024.0,9.7415,2025.0,12.312,2025.0,39.0,2024.0,3.7,2026.0,5.1,2026.0,5.3,2026.0,58.3,2026.0,Upper middle income,2.93
JOR,10794.2403,2025.0,5347.7773,2025.0,65.0502,2025.0,53.7274,2025.0,77.981,2024.0,7.5593,2024.0,38.876,2025.0,,,2.7,2026.0,2.3,2026.0,21.3,2026.0,81.8,2026.0,Upper middle income,2.1
ARE,69701.7858,2024.0,50273.5126,2024.0,82.2303,2025.0,21.6097,2025.0,83.069,2024.0,0.3254,2024.0,6.451,2025.0,26.4,2018.0,3.1,2026.0,2.5,2026.0,,,31.4,2026.0,High income,1.08
HND,6726.1669,2025.0,3598.2145,2025.0,65.1952,2025.0,53.3854,2025.0,73.044,2024.0,30.1185,2025.0,8.526,2025.0,45.7,2024.0,3.3,2026.0,4.4,2026.0,6.8,2026.0,43.8,2026.0,Lower middle income,1.67
TJK,5061.847,2025.0,1637.2543,2025.0,60.0651,2025.0,66.4861,2025.0,71.927,2024.0,57.6648,2025.0,14.594,2025.0,36.1,2024.0,6.0,2026.0,4.0,2026.0,2.5,2011.0,21.9,2026.0,Lower middle income,4.22
PNG,4456.2311,2025.0,3019.5309,2025.0,63.2663,2025.0,58.062,2025.0,66.256,2024.0,0.0126,2024.0,3.785,2025.0,,,3.8,2026.0,5.0,2026.0,,,49.2,2026.0,Lower middle income,2.08
CUB,,,9605.2791,2020.0,67.9412,2025.0,47.186,2025.0,78.264,2024.0,,,4.277,2025.0,,,,,,,,,,,Upper middle income,
SWE,63362.4613,2025.0,63133.2127,2025.0,62.3807,2025.0,60.306,2025.0,84.0634,2024.0,0.7814,2025.0,24.312,2025.0,29.3,2023.0,2.0,2026.0,1.5,2026.0,8.6,2026.0,36.7,2026.0,High income,1.58
CZE,49292.4879,2025.0,35917.2724,2025.0,63.7342,2025.0,56.9015,2025.0,79.978,2024.0,1.2596,2025.0,9.219,2025.0,25.7,2023.0,2.2,2026.0,2.4,2026.0,3.0,2026.0,46.4,2026.0,High income,2.97
AZE,22314.2169,2025.0,7410.7228,2025.0,69.6311,2025.0,43.6139,2025.0,74.576,2024.0,1.965,2025.0,13.091,2025.0,,,2.2,2026.0,6.0,2026.0,5.3,2026.0,20.0,2026.0,Upper middle income,1.65
PRT,42576.814,2025.0,32081.8106,2025.0,62.3434,2025.0,60.4019,2025.0,82.3829,2024.0,0.5872,2024.0,20.221,2025.0,33.9,2023.0,1.9,2026.0,3.1,2026.0,5.9,2026.0,85.6,2026.0,High income,2.06
TGO,3485.9818,2025.0,1383.8997,2025.0,56.0979,2025.0,78.26,2025.0,62.935,2024.0,8.688,2020.0,3.436,2025.0,37.9,2021.0,5.0,2026.0,2.8,2026.0,,,64.7,2026.0,Lower middle income,2.85
GRC,38218.7216,2025.0,26948.007,2025.0,62.7487,2025.0,59.3659,2025.0,81.839,2024.0,0.2191,2024.0,21.389,2025.0,33.4,2023.0,1.8,2026.0,3.5,2026.0,7.4,2026.0,136.9,2026.0,High income,2.22
ISR,48196.6345,2025.0,60336.8478,2025.0,60.1444,2025.0,66.2664,2025.0,83.1976,2024.0,0.1907,2025.0,6.032,2025.0,38.3,2022.0,3.5,2026.0,2.3,2026.0,3.2,2026.0,69.8,2026.0,High income,2.13
HUN,41160.6419,2025.0,25907.4743,2025.0,64.4901,2025.0,55.0626,2025.0,76.7244,2024.0,2.3189,2025.0,14.205,2025.0,30.6,2017.0,1.7,2026.0,3.8,2026.0,4.2,2026.0,77.9,2026.0,High income,2.18
AUT,63970.4009,2025.0,62930.0351,2025.0,64.758,2025.0,54.421,2025.0,81.9951,2024.0,0.6608,2025.0,10.998,2025.0,31.2,2023.0,0.7,2026.0,2.5,2026.0,5.7,2026.0,82.1,2026.0,High income,0.77
CHE,85732.1098,2025.0,114769.0123,2025.0,64.6844,2025.0,54.5967,2025.0,84.4073,2024.0,0.3711,2025.0,9.041,2025.0,33.8,2022.0,1.3,2026.0,0.5,2026.0,3.0,2026.0,38.5,2026.0,High income,0.85
SLE,3176.2368,2025.0,846.2962,2025.0,59.0656,2025.0,69.3032,2025.0,61.964,2024.0,4.6022,2024.0,3.72,2025.0,35.7,2018.0,4.5,2026.0,7.5,2026.0,,,44.3,2026.0,Low income,2.49
BLR,29666.2116,2025.0,10279.2547,2025.0,65.8266,2025.0,51.9143,2025.0,74.3653,2024.0,2.4712,2025.0,9.183,2025.0,24.4,2020.0,1.2,2026.0,6.4,2026.0,2.9,2026.0,33.1,2026.0,Upper middle income,1.87
LAO,8872.694,2025.0,2324.7635,2025.0,65.3523,2025.0,53.0169,2025.0,69.225,2024.0,1.4942,2024.0,2.384,2025.0,34.7,2024.0,4.0,2026.0,9.6,2026.0,,,74.6,2026.0,Lower middle income,2.72
TKM,19313.943,2025.0,6540.1788,2025.0,63.9737,2025.0,56.3143,2025.0,70.201,2024.0,,,10.023,2025.0,,,2.6,2026.0,3.9,2026.0,,,3.7,2026.0,Upper middle income,1.05
LBY,14118.2064,2025.0,6448.8242,2025.0,67.9612,2025.0,47.1427,2025.0,71.121,2024.0,,,50.057,2025.0,,,6.7,2026.0,10.5,2026.0,,,,,Upper middle income,5.61
KGZ,7878.4491,2025.0,3080.9689,2025.0,62.1262,2025.0,60.9626,2025.0,72.4,2024.0,17.6042,2024.0,8.228,2025.0,27.5,2024.0,6.1,2026.0,10.6,2026.0,4.0,2026.0,37.4,2026.0,Lower middle income,4.65
HKG,68724.5566,2025.0,56983.0663,2025.0,66.0213,2025.0,51.4662,2025.0,85.3927,2024.0,0.112,2024.0,8.958,2025.0,,,2.4,2026.0,2.1,2026.0,3.3,2026.0,14.1,2026.0,High income,2.64
NIC,7933.4889,2025.0,3173.3372,2025.0,65.9898,2025.0,51.5386,2025.0,75.1,2024.0,26.6324,2024.0,9.543,2025.0,,,3.8,2026.0,3.5,2026.0,2.7,2026.0,33.2,2026.0,Lower middle income,2.52
PRY,17245.8458,2025.0,7026.6191,2025.0,64.9102,2025.0,54.059,2025.0,73.982,2024.0,3.0965,2025.0,11.687,2025.0,44.2,2024.0,4.2,2026.0,3.3,2026.0,5.2,2026.0,37.8,2026.0,Upper middle income,3.03
BGR,35325.5318,2025.0,20328.1667,2025.0,63.3647,2025.0,57.8166,2025.0,75.761,2024.0,2.1047,2025.0,10.152,2025.0,39.5,2023.0,2.8,2026.0,3.8,2026.0,3.4,2026.0,28.2,2026.0,High income,3.5
SRB,27603.3916,2025.0,15262.0464,2025.0,62.6917,2025.0,59.5108,2025.0,75.9683,2024.0,6.5607,2025.0,20.926,2025.0,32.8,2023.0,2.8,2026.0,5.2,2026.0,8.8,2026.0,42.6,2026.0,Upper middle income,3.5
COG,6194.0898,2025.0,2514.7339,2025.0,56.9956,2025.0,75.4522,2025.0,66.001,2024.0,0.2965,2021.0,40.501,2025.0,,,2.8,2026.0,2.8,2026.0,,,91.3,2026.0,Lower middle income,0.44
SLV,12050.0283,2025.0,5766.7257,2025.0,67.3066,2025.0,48.5739,2025.0,72.302,2024.0,27.5113,2025.0,7.809,2025.0,39.8,2023.0,3.3,2026.0,2.5,2026.0,4.3,2026.0,84.5,2026.0,Upper middle income,2.9
DNK,72723.2748,2025.0,76970.1535,2025.0,63.3191,2025.0,57.9303,2025.0,82.2537,2024.0,0.3579,2024.0,11.737,2025.0,29.9,2023.0,2.0,2026.0,2.0,2026.0,2.9,2026.0,27.4,2026.0,High income,1.65
SGP,139592.6122,2025.0,98813.9788,2025.0,74.0998,2025.0,34.9531,2025.0,83.3463,2024.0,,,6.781,2025.0,,,3.5,2026.0,2.3,2026.0,2.0,2026.0,171.9,2026.0,High income,2.9
LBN,10469.2211,2024.0,4473.2713,2024.0,63.9693,2025.0,56.3249,2025.0,77.945,2024.0,33.3498,2023.0,22.744,2023.0,35.5,2022.0,4.0,2025.0,14.6,2025.0,11.5,2023.0,139.4,2025.0,Lower middle income,
LBR,1692.9259,2025.0,915.329,2025.0,57.5847,2025.0,73.6572,2025.0,62.324,2024.0,21.2758,2024.0,2.297,2025.0,35.3,2016.0,5.1,2026.0,5.7,2026.0,,,53.8,2026.0,Low income,2.96
CAF,1122.7608,2025.0,556.1314,2025.0,49.1194,2025.0,103.5856,2025.0,57.671,2024.0,,,10.086,2025.0,43.0,2021.0,2.6,2026.0,1.5,2026.0,,,64.0,2026.0,Low income,-0.77
PSE,4272.4576,2025.0,3171.1084,2025.0,58.5574,2025.0,70.7725,2025.0,69.213,2024.0,4.0385,2025.0,36.092,2022.0,36.4,2023.0,,,,,,,,,Lower middle income,
OMN,36142.944,2025.0,19947.3966,2025.0,72.9926,2025.0,37.0001,2025.0,80.246,2024.0,0.0364,2024.0,13.885,2025.0,,,3.5,2026.0,1.7,2026.0,,,32.7,2026.0,High income,0.28
NOR,95173.4308,2025.0,94594.193,2025.0,64.9959,2025.0,53.856,2025.0,83.161,2024.0,0.1943,2025.0,13.423,2025.0,26.5,2023.0,1.5,2026.0,3.3,2026.0,4.2,2026.0,42.9,2026.0,High income,0.97
FIN,55735.2175,2025.0,56148.5809,2025.0,61.468,2025.0,62.6863,2025.0,82.3366,2024.0,0.2764,2025.0,21.479,2025.0,27.4,2023.0,1.0,2026.0,2.5,2026.0,9.6,2026.0,93.1,2026.0,High income,1.03
MRT,6559.0432,2025.0,2197.5105,2025.0,54.3687,2025.0,83.9294,2025.0,68.713,2024.0,0.869,2024.0,22.921,2025.0,32.0,2019.0,4.4,2026.0,4.1,2026.0,,,37.1,2026.0,Lower middle income,1.65
SVK,40689.818,2025.0,28543.6653,2025.0,65.3936,2025.0,52.9201,2025.0,78.3707,2024.0,2.0684,2025.0,18.427,2025.0,23.8,2023.0,0.6,2026.0,4.2,2026.0,5.8,2026.0,63.0,2026.0,High income,1.03
IRL,131338.4447,2025.0,131592.4625,2025.0,65.696,2025.0,52.2163,2025.0,83.0098,2024.0,0.1078,2024.0,10.493,2025.0,29.0,2023.0,2.5,2026.0,3.1,2026.0,4.8,2026.0,31.6,2026.0,High income,1.58
NZL,48232.6652,2025.0,49591.0406,2025.0,64.5132,2025.0,55.0072,2025.0,82.0098,2024.0,0.1631,2022.0,14.355,2025.0,,,2.1,2026.0,3.1,2026.0,5.4,2026.0,56.7,2026.0,High income,1.42
CRI,28443.4128,2025.0,19970.0989,2025.0,68.9395,2025.0,45.0548,2025.0,80.996,2024.0,0.8293,2025.0,19.949,2025.0,45.5,2025.0,3.6,2026.0,-0.4,2026.0,7.0,2026.0,61.1,2026.0,High income,3.18
KWT,48253.9639,2025.0,32312.312,2025.0,78.852,2025.0,26.8198,2025.0,84.5805,2024.0,0.0152,2025.0,15.058,2025.0,,,-0.6,2026.0,2.8,2026.0,,,22.3,2026.0,High income,-2.13
PAN,37516.1796,2025.0,19789.7309,2025.0,65.8168,2025.0,51.9369,2025.0,79.775,2024.0,0.7013,2025.0,19.768,2025.0,49.7,2024.0,3.8,2026.0,1.4,2026.0,10.4,2026.0,57.7,2026.0,High income,2.61
HRV,44172.0442,2025.0,27103.9116,2025.0,62.688,2025.0,59.5202,2025.0,78.9293,2024.0,7.2107,2024.0,16.474,2025.0,30.1,2023.0,2.6,2026.0,4.4,2026.0,4.6,2026.0,56.5,2026.0,High income,3.27
GEO,25135.7822,2025.0,9691.5347,2025.0,63.5206,2025.0,57.4293,2025.0,74.657,2024.0,11.1702,2025.0,30.258,2025.0,33.9,2024.0,5.3,2026.0,4.4,2026.0,13.9,2026.0,35.1,2026.0,Upper middle income,5.35
ERI,,,,,58.1513,2025.0,71.965,2025.0,68.893,2024.0,,,10.241,2025.0,,,3.8,2019.0,1.3,2019.0,,,260.4,2019.0,Low income,
MNG,17772.5342,2025.0,7108.2274,2025.0,63.0087,2025.0,58.7082,2025.0,72.398,2024.0,2.2177,2024.0,11.71,2025.0,31.4,2022.0,5.3,2026.0,7.4,2026.0,5.0,2026.0,43.7,2026.0,Upper middle income,4.17
URY,32741.6247,2025.0,25215.8238,2025.0,65.821,2025.0,51.927,2025.0,78.287,2024.0,0.1757,2025.0,25.149,2025.0,40.0,2024.0,1.8,2026.0,4.0,2026.0,8.0,2026.0,66.8,2026.0,High income,1.86
PRI,44603.2181,2025.0,40620.1527,2025.0,63.4875,2025.0,57.5113,2025.0,81.902,2024.0,,,13.984,2025.0,,,-0.1,2026.0,2.1,2026.0,6.0,2026.0,18.8,2026.0,High income,0.29
QAT,110135.6963,2025.0,72524.9066,2025.0,83.2989,2025.0,20.0496,2025.0,82.522,2024.0,0.5836,2025.0,0.559,2025.0,35.1,2017.0,-8.6,2026.0,3.9,2026.0,,,43.3,2026.0,High income,-10.45
NAM,10242.284,2025.0,4875.9256,2025.0,59.5563,2025.0,67.9083,2025.0,67.516,2024.0,0.7074,2024.0,38.05,2025.0,,,2.4,2026.0,3.9,2026.0,,,70.5,2026.0,Lower middle income,0.45
BIH,21178.226,2025.0,10381.8461,2025.0,64.2916,2025.0,55.5413,2025.0,78.044,2024.0,10.7041,2025.0,28.201,2025.0,30.3,2021.0,2.2,2026.0,4.5,2026.0,12.6,2026.0,30.8,2026.0,Upper middle income,3.02
MDA,17087.1874,2025.0,8621.7172,2025.0,63.608,2025.0,57.2129,2025.0,71.332,2024.0,9.4064,2025.0,4.197,2025.0,26.8,2023.0,1.9,2026.0,6.4,2026.0,3.8,2026.0,39.3,2026.0,Upper middle income,3.06
ARM,21153.4783,2025.0,9474.0185,2025.0,66.5696,2025.0,50.2188,2025.0,78.3195,2024.0,4.9001,2025.0,26.244,2025.0,27.4,2024.0,5.3,2026.0,3.6,2026.0,12.8,2026.0,50.6,2026.0,Upper middle income,6.03
GMB,3166.6213,2025.0,919.0604,2025.0,57.0918,2025.0,75.1566,2025.0,66.057,2024.0,21.999,2024.0,10.863,2025.0,38.8,2020.0,5.1,2026.0,5.8,2026.0,,,68.3,2026.0,Low income,2.9
JAM,11357.9156,2025.0,8002.921,2025.0,73.1359,2025.0,36.7317,2025.0,71.606,2024.0,16.1911,2024.0,10.809,2025.0,39.9,2021.0,-1.2,2026.0,6.1,2026.0,3.4,2025.0,65.8,2026.0,Upper middle income,-1.07
LTU,48839.5436,2025.0,32958.6706,2025.0,64.7728,2025.0,54.3857,2025.0,77.1951,2024.0,1.4408,2025.0,13.756,2025.0,36.0,2023.0,2.9,2026.0,4.0,2026.0,6.5,2026.0,45.1,2026.0,High income,4.06
ALB,22724.2938,2025.0,12998.1479,2025.0,65.7717,2025.0,52.041,2025.0,79.776,2024.0,8.3908,2025.0,25.567,2025.0,29.4,2020.0,3.4,2026.0,3.4,2026.0,8.7,2026.0,51.5,2026.0,Upper middle income,4.14
GAB,18986.4739,2025.0,8263.0332,2025.0,59.6271,2025.0,67.7091,2025.0,68.511,2024.0,,,36.281,2025.0,38.0,2017.0,2.7,2026.0,2.5,2026.0,,,86.1,2026.0,Upper middle income,0.61
BWA,17687.2042,2025.0,7778.1151,2025.0,63.9604,2025.0,56.3468,2025.0,69.293,2024.0,0.6652,2024.0,46.004,2025.0,,,4.7,2026.0,5.1,2026.0,,,47.0,2026.0,Upper middle income,3.09
LSO,2720.9574,2025.0,1088.9628,2025.0,62.0175,2025.0,61.2449,2025.0,57.798,2024.0,20.7157,2025.0,24.672,2025.0,44.9,2017.0,1.1,2026.0,4.2,2026.0,,,49.0,2026.0,Lower middle income,0.0
GNB,2814.0836,2025.0,1123.7668,2025.0,58.4376,2025.0,71.1226,2025.0,64.254,2024.0,9.8818,2024.0,2.844,2025.0,33.4,2021.0,4.9,2026.0,2.5,2026.0,,,73.6,2026.0,Low income,2.75
SVN,49091.0184,2025.0,37376.2216,2025.0,63.3066,2025.0,57.9614,2025.0,82.2854,2024.0,1.3657,2025.0,9.536,2025.0,24.7,2023.0,2.0,2026.0,2.9,2026.0,3.9,2026.0,65.2,2026.0,High income,2.12
GNQ,13786.3933,2025.0,6615.2525,2025.0,59.1494,2025.0,69.0635,2025.0,63.906,2024.0,,,15.736,2025.0,38.5,2022.0,-2.7,2026.0,3.2,2026.0,,,39.1,2026.0,Upper middle income,-5.07
LVA,38800.5425,2025.0,26311.9731,2025.0,62.6177,2025.0,59.6993,2025.0,76.4293,2024.0,2.9681,2025.0,12.95,2025.0,34.0,2023.0,2.2,2026.0,3.0,2026.0,6.7,2026.0,47.4,2026.0,High income,3.15
MKD,25094.6225,2025.0,10489.9255,2025.0,64.9465,2025.0,53.9728,2025.0,76.6166,2024.0,2.4488,2025.0,28.75,2025.0,33.5,2019.0,3.1,2026.0,4.5,2026.0,11.5,2026.0,53.1,2026.0,Upper middle income,3.64
BHR,60669.6308,2025.0,30596.5795,2025.0,77.5637,2025.0,28.9264,2025.0,81.423,2024.0,,,5.416,2025.0,,,-0.5,2026.0,2.4,2026.0,6.2,2024.0,152.4,2026.0,High income,-2.46
TTO,31721.5757,2025.0,18967.2705,2025.0,69.5822,2025.0,43.7148,2025.0,73.617,2024.0,0.7692,2025.0,8.216,2025.0,,,0.8,2026.0,1.8,2026.0,4.2,2026.0,84.1,2026.0,High income,0.66
TLS,4109.9045,2025.0,1340.964,2025.0,61.6556,2025.0,62.1911,2025.0,67.904,2024.0,9.9856,2025.0,3.717,2025.0,,,4.1,2026.0,2.1,2026.0,,,14.9,2026.0,Lower middle income,2.8
CYP,54103.2617,2025.0,41783.0898,2025.0,68.9867,2025.0,44.9555,2025.0,81.821,2024.0,2.0473,2025.0,12.709,2025.0,31.8,2023.0,3.0,2026.0,2.6,2026.0,4.6,2026.0,50.9,2026.0,High income,2.16
EST,41604.3227,2025.0,34417.6321,2025.0,62.9446,2025.0,58.8699,2025.0,79.2951,2024.0,1.1403,2025.0,19.695,2025.0,30.7,2023.0,1.4,2026.0,3.8,2026.0,7.3,2026.0,27.8,2026.0,High income,2.38
SWZ,10706.7778,2025.0,4108.2522,2025.0,62.6583,2025.0,59.596,2025.0,64.264,2024.0,0.6863,2024.0,54.329,2025.0,54.6,2016.0,4.0,2026.0,3.5,2026.0,,,50.0,2026.0,Lower middle income,2.91
MUS,28769.5128,2025.0,12991.2936,2025.0,71.3483,2025.0,40.1575,2025.0,73.789,2024.0,1.9204,2024.0,17.374,2025.0,36.8,2017.0,3.4,2026.0,3.7,2026.0,5.9,2026.0,86.5,2026.0,Upper middle income,3.65
DJI,7222.5499,2025.0,3905.605,2025.0,66.2248,2025.0,51.0008,2025.0,66.202,2024.0,1.3486,2024.0,76.766,2025.0,41.6,2017.0,6.0,2026.0,1.5,2026.0,,,29.6,2026.0,Lower middle income,4.7
FJI,13961.1184,2025.0,6642.0045,2025.0,66.5366,2025.0,50.293,2025.0,67.463,2024.0,7.1077,2024.0,15.208,2025.0,30.7,2019.0,2.4,2026.0,2.2,2026.0,5.0,2026.0,82.5,2026.0,Upper middle income,1.96
COM,3621.7663,2025.0,2055.7592,2025.0,58.6759,2025.0,70.4277,2025.0,67.023,2024.0,20.8445,2023.0,8.753,2025.0,30.3,2024.0,4.1,2026.0,3.7,2026.0,,,32.4,2026.0,Lower middle income,2.27
REU,,,,,,,,,,,,,,,,,,,,,,,,,,
SLB,2382.1315,2025.0,2086.1896,2025.0,59.7737,2025.0,67.2975,2025.0,70.694,2024.0,6.0089,2024.0,2.759,2025.0,,,2.8,2026.0,3.2,2026.0,,,29.9,2026.0,Lower middle income,0.46
GUY,83658.6773,2025.0,32413.7931,2025.0,64.0859,2025.0,56.0405,2025.0,70.319,2024.0,3.2248,2023.0,24.896,2025.0,,,16.2,2026.0,4.1,2026.0,,,29.2,2026.0,High income,15.61
BTN,16743.8704,2025.0,4492.784,2025.0,73.0116,2025.0,36.9646,2025.0,73.262,2024.0,3.2751,2024.0,17.052,2025.0,28.5,2022.0,7.5,2026.0,4.0,2026.0,3.5,2023.0,120.3,2026.0,Lower middle income,6.81
MAC,117098.2748,2025.0,75901.7461,2025.0,71.1963,2025.0,40.4569,2025.0,83.3317,2024.0,0.2742,2024.0,6.779,2025.0,,,3.0,2026.0,1.8,2026.0,1.7,2026.0,0.0,2026.0,High income,2.84
LUX,127420.6016,2025.0,147252.1791,2025.0,68.4417,2025.0,46.1097,2025.0,83.1951,2024.0,2.6728,2025.0,21.467,2025.0,33.6,2023.0,1.6,2026.0,2.1,2026.0,5.9,2026.0,28.0,2026.0,High income,0.57
SUR,19357.3908,2025.0,7069.8723,2025.0,66.4714,2025.0,50.4407,2025.0,73.757,2024.0,3.8935,2025.0,25.438,2025.0,39.2,2022.0,3.9,2026.0,11.8,2026.0,9.0,2026.0,87.1,2026.0,Upper middle income,3.06
MNE,28895.3172,2025.0,14816.838,2025.0,63.8255,2025.0,56.677,2025.0,77.8902,2024.0,9.7166,2025.0,24.438,2025.0,34.3,2021.0,2.8,2026.0,3.2,2026.0,,,62.4,2026.0,Upper middle income,3.83
ESH,,,,,,,,,,,,,,,,,,,,,,,,,,
MLT,63655.5161,2025.0,47906.9,2025.0,66.56,2025.0,50.2404,2025.0,82.9561,2024.0,0.0625,2024.0,8.431,2025.0,31.8,2023.0,3.7,2026.0,2.5,2026.0,3.0,2026.0,47.3,2026.0,High income,3.04
MDV,24401.3159,2025.0,14614.7208,2025.0,76.0052,2025.0,31.5697,2025.0,81.285,2024.0,0.08,2024.0,15.694,2025.0,29.3,2019.0,3.0,2026.0,3.0,2026.0,,,129.4,2026.0,Upper middle income,2.65
CPV,10395.7415,2025.0,5796.4721,2025.0,68.1511,2025.0,46.733,2025.0,76.224,2024.0,11.6717,2025.0,28.415,2025.0,,,4.8,2026.0,2.2,2026.0,8.5,2026.0,95.9,2026.0,Upper middle income,4.36
BRN,78985.122,2025.0,32234.6428,2025.0,72.1355,2025.0,38.6278,2025.0,75.501,2024.0,,,18.23,2025.0,,,2.6,2026.0,1.6,2026.0,4.7,2026.0,1.5,2026.0,High income,1.86
BLZ,12788.8424,2025.0,7865.4794,2025.0,68.5019,2025.0,45.981,2025.0,73.739,2024.0,3.7226,2025.0,19.321,2025.0,39.9,2018.0,2.2,2026.0,1.5,2026.0,2.6,2026.0,63.2,2026.0,Upper middle income,0.85
BHS,36244.05,2024.0,39455.4467,2024.0,70.3571,2025.0,42.1322,2025.0,74.71,2024.0,0.4164,2024.0,19.248,2025.0,,,2.1,2026.0,1.6,2026.0,9.4,2026.0,71.9,2026.0,High income,1.7
ISL,68064.6855,2025.0,98323.485,2025.0,66.505,2025.0,50.3644,2025.0,82.8098,2024.0,0.7297,2025.0,8.671,2025.0,26.8,2019.0,1.9,2026.0,4.8,2026.0,4.2,2026.0,53.6,2026.0,High income,0.88
GLP,,,,,,,,,,,,,,,,,,,,,,,,,,
MYT,,,,,,,,,,,,,,,,,,,,,,,,,,
VUT,3866.9981,2025.0,4038.7352,2025.0,57.6594,2025.0,73.4323,2025.0,71.654,2024.0,17.1746,2022.0,11.343,2025.0,32.3,2019.0,3.5,2026.0,4.1,2026.0,,,43.2,2026.0,Lower middle income,1.29
MTQ,,,,,,,,,,,,,,,,,,,,,,,,,,
GUF,,,,,,,,,,,,,,,,,,,,,,,,,,
NCL,,,29213.1923,2024.0,67.1329,2025.0,48.9582,2025.0,78.921,2024.0,7.1185,2016.0,33.109,2025.0,,,,,,,,,,,High income,
PYF,,,22439.8839,2024.0,69.5985,2025.0,43.6808,2025.0,84.192,2024.0,10.5795,2016.0,36.566,2025.0,,,,,,,,,,,High income,
BRB,22127.3605,2025.0,28364.8181,2025.0,65.8498,2025.0,51.8605,2025.0,76.332,2024.0,1.4567,2017.0,18.479,2025.0,34.1,2016.0,2.5,2026.0,2.3,2026.0,6.8,2026.0,89.5,2026.0,High income,2.46
STP,5459.2131,2025.0,4084.4006,2025.0,58.6001,2025.0,70.6483,2025.0,69.905,2024.0,9.714,2024.0,8.794,2025.0,40.7,2017.0,3.4,2026.0,9.6,2026.0,13.5,2017.0,50.4,2026.0,Lower middle income,1.43
WSM,7963.4275,2025.0,5872.7833,2025.0,55.87,2025.0,78.9865,2025.0,71.826,2024.0,22.37,2025.0,12.977,2025.0,,,3.2,2026.0,2.5,2026.0,,,17.1,2026.0,Upper middle income,2.64
CUW,28762.0582,2024.0,22832.8955,2024.0,68.0956,2025.0,46.8527,2025.0,76.989,2024.0,5.3821,2023.0,,,,,,,,,,,,,High income,
LCA,24502.9629,2025.0,14745.8184,2025.0,72.7911,2025.0,37.3788,2025.0,72.846,2024.0,2.352,2025.0,20.251,2025.0,,,2.0,2026.0,2.5,2026.0,,,77.5,2026.0,Upper middle income,1.81
GUM,,,41833.1517,2022.0,61.0372,2025.0,63.8349,2025.0,77.422,2024.0,,,13.813,2025.0,,,,,,,,,,,High income,
KIR,3363.9952,2025.0,2558.6664,2025.0,61.2605,2025.0,63.2366,2025.0,66.6,2024.0,6.4753,2025.0,,,24.7,2023.0,3.1,2026.0,4.5,2026.0,,,7.7,2026.0,Lower middle income,1.67
SYC,30638.7217,2025.0,19449.3836,2025.0,71.4886,2025.0,39.8824,2025.0,76.2951,2024.0,0.536,2024.0,,,32.1,2018.0,1.5,2026.0,2.6,2026.0,2.6,2026.0,55.0,2026.0,High income,-0.14
GRD,18240.9934,2025.0,12106.879,2025.0,68.3637,2025.0,46.2759,2025.0,75.367,2024.0,3.3452,2025.0,,,43.8,2018.0,3.1,2026.0,1.3,2026.0,,,69.0,2026.0,Upper middle income,3.05
FSM,3934.6427,2025.0,4414.0074,2025.0,62.3229,2025.0,60.4536,2025.0,67.357,2024.0,,,,,,,0.7,2026.0,3.2,2026.0,,,7.5,2026.0,Upper middle income,0.26
ABW,45428.0027,2024.0,38590.565,2024.0,65.7204,2025.0,52.1596,2025.0,76.5,2024.0,1.04,2023.0,,,,,2.3,2026.0,1.2,2026.0,4.3,2026.0,60.3,2026.0,High income,2.28
TON,7412.8664,2025.0,6547.1865,2025.0,58.2296,2025.0,71.7339,2025.0,73.07,2024.0,39.197,2024.0,6.029,2025.0,27.1,2021.0,2.3,2026.0,3.8,2026.0,,,34.4,2026.0,Upper middle income,2.73
VCT,19483.0128,2025.0,12561.7692,2025.0,66.8785,2025.0,49.5242,2025.0,71.382,2024.0,7.0366,2025.0,41.947,2025.0,,,3.0,2026.0,0.9,2026.0,,,120.1,2026.0,Upper middle income,3.68
ATG,30620.3076,2025.0,24819.2455,2025.0,70.1938,2025.0,42.464,2025.0,77.766,2024.0,0.9425,2025.0,,,,,2.6,2026.0,2.6,2026.0,,,66.5,2026.0,High income,2.16
IMN,,,90015.2074,2023.0,62.4851,2025.0,60.0388,2025.0,81.091,2024.0,,,,,,,,,,,,,,,High income,
AND,67993.0524,2025.0,54291.5026,2025.0,71.8194,2025.0,39.2385,2025.0,84.188,2024.0,1.2941,2024.0,,,,,2.1,2026.0,3.0,2026.0,1.1,2026.0,28.0,2026.0,High income,1.08
VIR,46479.2997,2022.0,44320.9092,2022.0,60.4182,2025.0,65.5137,2025.0,80.7707,2024.0,,,24.196,2025.0,,,,,,,,,,,High income,
CYM,80996.6507,2024.0,104292.9007,2024.0,74.4302,2025.0,34.3555,2025.0,80.54,2024.0,0.148,2024.0,,,,,,,,,,,,,High income,
DMA,19409.2901,2025.0,10989.0431,2025.0,69.19,2025.0,44.53,2025.0,71.294,2024.0,5.4753,2025.0,,,,,3.1,2026.0,3.0,2026.0,,,98.3,2026.0,Upper middle income,3.65
BMU,104299.9444,2024.0,142250.4332,2024.0,64.0381,2025.0,56.1587,2025.0,82.49,2024.0,23.66,2023.0,,,,,,,,,,,,,High income,
FRO,72113.6514,2024.0,74175.2776,2024.0,62.3483,2025.0,60.3903,2025.0,83.0832,2024.0,,,,,,,,,,,,,,,High income,
GRL,71037.5372,2023.0,58498.9708,2023.0,67.7287,2025.0,47.6475,2025.0,70.2734,2024.0,,,,,,,,,,,,,,,High income,
TCA,33390.5267,2024.0,37506.7798,2024.0,72.3463,2025.0,38.2235,2025.0,78.181,2024.0,0.5693,2018.0,,,,,,,,,,,,,High income,
KNA,31427.6631,2025.0,25223.0258,2025.0,69.9434,2025.0,42.9751,2025.0,72.281,2024.0,3.3558,2025.0,,,,,2.0,2026.0,2.2,2026.0,,,64.0,2026.0,High income,1.85
ASM,,,18017.4589,2022.0,65.114,2025.0,53.5785,2025.0,72.992,2024.0,,,,,,,,,,,,,,,High income,
SXM,48273.4255,2025.0,42978.1317,2025.0,70.7147,2025.0,41.4134,2025.0,76.528,2024.0,2.8474,2023.0,,,,,,,,,,,,,High income,
MNP,,,23785.7546,2022.0,67.9861,2025.0,47.0914,2025.0,78.947,2024.0,,,,,,,,,,,,,,,High income,
GIB,,,,,64.5778,2025.0,54.851,2025.0,83.63,2024.0,,,,,,,,,,,,,,,High income,
LIE,,,220167.2255,2024.0,64.3977,2025.0,55.2822,2025.0,84.2,2024.0,,,,,,,-0.4,2026.0,0.5,2026.0,3.9,2026.0,0.5,2026.0,High income,-1.0
VGB,,,,,75.8092,2025.0,31.9124,2025.0,77.431,2024.0,,,,,,,,,,,,,,,High income,
MCO,,,288001.5749,2024.0,50.2178,2025.0,99.1326,2025.0,86.497,2024.0,,,,,,,,,,,,,,,High income,
MHL,7660.377,2025.0,8489.0579,2025.0,61.2301,2025.0,63.3221,2025.0,67.075,2024.0,23.4766,2024.0,,,35.5,2019.0,3.7,2026.0,7.4,2026.0,,,16.7,2026.0,Upper middle income,7.03
SMR,70951.792,2023.0,59871.3288,2023.0,65.0011,2025.0,53.8451,2025.0,85.817,2024.0,1.0995,2023.0,,,,,1.3,2026.0,2.8,2026.0,4.4,2026.0,77.3,2026.0,High income,1.2
BES,,,,,,,,,,,,,,,,,,,,,,,,,,
MAF,,,21668.3777,2021.0,59.2871,2025.0,68.6684,2025.0,80.438,2024.0,,,,,,,,,,,,,,,High income,
PLW,19698.5947,2025.0,19532.3558,2025.0,70.2307,2025.0,42.3861,2025.0,69.383,2024.0,0.8032,2023.0,,,,,3.3,2026.0,5.9,2026.0,,,56.7,2026.0,High income,3.58
AIA,,,,,,,,,,,,,,,,,,,,,,,,,,
COK,,,,,,,,,,,,,,,,,,,,,,,,,,
NRU,12134.8921,2025.0,14639.5047,2025.0,59.8353,2025.0,67.13,2025.0,62.279,2024.0,1.3317,2024.0,,,,,2.1,2026.0,5.5,2026.0,,,12.7,2026.0,High income,1.47
BLM,,,,,,,,,,,,,,,,,,,,,,,,,,
WLF,,,,,,,,,,,,,,,,,,,,,,,,,,
TUV,5776.0785,2025.0,6041.4491,2025.0,59.9347,2025.0,66.8483,2025.0,67.259,2024.0,5.135,2023.0,,,,,2.5,2026.0,3.1,2026.0,,,3.2,2026.0,Upper middle income,3.87
SPM,,,,,,,,,,,,,,,,,,,,,,,,,,
SHN,,,,,,,,,,,,,,,,,,,,,,,,,,
MSR,,,,,,,,,,,,,,,,,,,,,,,,,,
FLK,,,,,,,,,,,,,,,,,,,,,,,,,,
TKL,,,,,,,,,,,,,,,,,,,,,,,,,,
NIU,,,,,,,,,,,,,,,,,,,,,,,,,,
VAT,,,,,,,,,,,,,,,,,,,,,,,,,,
