Rank,Country,Population2026,YearlyChangePct,NetChange,DensityPerKm2,LandAreaKm2,NetMigrants,FertilityRate,MedianAge,UrbanPopPct,WorldSharePct,ISO3,Latitude,Longitude,Continent,Subregion,Population2025,NaturalIncrease,GrowthBand
1,India,1476625576,0.0087,12760051,497,2973190,-440456,1.93,29.2,0.376,0.178,IND,22.6869,79.3581,Asia,Southern Asia,1463865525,13200507,0-1%
2,China,1412914089,-0.0022,-3182005,150,9388211,-232107,1.03,40.6,0.687,0.17,CHN,32.4982,106.3373,Asia,Eastern Asia,1416096094,-2949898,Shrinking
3,United States,349035494,0.0051,1759687,38,9147420,1177848,1.63,38.7,0.831,0.042,USA,39.5385,-97.4826,North America,Northern America,347275807,581839,0-1%
4,Indonesia,287886782,0.0076,2165546,159,1811570,-39472,2.08,30.7,0.603,0.035,IDN,-0.9544,101.8929,Asia,South-Eastern Asia,285721236,2205018,0-1%
5,Pakistan,259299791,0.016,4080237,336,770880,-1144738,3.44,20.8,0.347,0.031,PAK,29.3284,68.5456,Asia,Southern Asia,255219554,5224975,1-2%
6,Nigeria,242431832,0.0206,4904050,266,910770,-2810,4.21,18.3,0.558,0.029,NGA,9.4398,7.5032,Africa,Western Africa,237527782,4906860,2%+
7,Brazil,213562666,0.0035,750261,26,8358140,-205642,1.59,35.3,0.917,0.026,BRA,-12.0987,-49.5594,South America,South America,212812405,955903,0-1%
8,Bangladesh,177818044,0.0121,2131145,1366,130170,-371398,2.09,26.3,0.432,0.021,BGD,24.215,89.685,Asia,Southern Asia,175686899,2502543,1-2%
9,Russia,143394458,-0.0042,-602935,9,16376870,324924,1.47,40.7,0.754,0.017,RUS,58.2494,44.6865,Europe,Eastern Europe,143997393,-927859,Shrinking
10,Ethiopia,138902185,0.0253,3430134,139,1000000,27298,3.72,19.3,0.229,0.017,ETH,8.0328,39.0886,Africa,Eastern Africa,135472051,3402836,2%+
11,Mexico,132997658,0.008,1050758,68,1943950,-109844,1.85,30.0,0.883,0.016,MEX,23.92,-102.2894,North America,Central America,131946900,1160602,0-1%
12,Japan,122427731,-0.0055,-675748,336,364555,128619,1.23,50.2,0.934,0.015,JPN,36.1425,138.4422,Asia,Eastern Asia,123103479,-804367,Shrinking
13,Egypt,120101175,0.0147,1735180,121,995450,-52287,2.68,24.7,0.411,0.014,EGY,26.1862,29.4458,Africa,Northern Africa,118365995,1787467,1-2%
14,Philippines,117724471,0.008,937509,395,298170,-144275,1.86,26.6,0.499,0.014,PHL,11.198,122.465,Asia,South-Eastern Asia,116786962,1081784,0-1%
15,DR Congo,116452162,0.0321,3619689,51,2267050,-28843,5.8,15.9,0.454,0.014,COD,-1.8582,23.4588,Africa,Middle Africa,112832473,3648532,2%+
16,Vietnam,102177431,0.0057,578904,330,310070,-51045,1.86,33.9,0.422,0.012,VNM,21.7154,105.3873,Asia,South-Eastern Asia,101598527,629949,0-1%
17,Iran,93168497,0.0081,750816,57,1628550,66848,1.66,34.5,0.735,0.011,IRN,32.1662,54.9315,Asia,Southern Asia,92417681,683968,0-1%
18,Turkey,87926082,0.0027,240656,114,769630,-217896,1.62,33.9,0.775,0.011,TUR,39.3454,34.5083,Asia,Western Asia,87685426,458552,0-1%
19,Germany,83644258,-0.0051,-430817,240,348560,158442,1.46,45.7,0.77,0.01,DEU,50.9617,9.6783,Europe,Western Europe,84075075,-589259,Shrinking
20,Tanzania,72563780,0.0286,2017915,82,885800,-25275,4.41,17.6,0.408,0.0087,TZA,-6.0519,34.9592,Africa,Eastern Africa,70545865,2043190,2%+
21,Thailand,71559614,-0.0008,-60249,140,510890,29200,1.19,41.0,0.543,0.0086,THA,15.4597,101.0732,Asia,South-Eastern Asia,71619863,-89449,Shrinking
22,United Kingdom,69931528,0.0055,380196,289,241930,364099,1.53,40.2,0.847,0.0084,GBR,54.4027,-2.1163,Europe,Northern Europe,69551332,16097,0-1%
23,France,66746401,0.0014,95597,122,547557,88533,1.64,42.5,0.83,0.008,FRA,46.6961,2.5523,Europe,Western Europe,66650804,7064,0-1%
24,South Africa,65453084,0.0109,705765,54,1213090,131684,2.17,28.9,0.669,0.0079,ZAF,-29.7088,23.6657,Africa,Southern Africa,64747319,574081,1-2%
25,Italy,58926166,-0.0037,-220094,200,294140,58272,1.22,48.6,0.724,0.0071,ITA,44.7325,11.0769,Europe,Southern Europe,59146260,-278366,Shrinking
26,Kenya,58636412,0.0192,1103919,103,569140,-34838,3.07,20.3,0.326,0.0071,KEN,0.549,37.9076,Africa,Eastern Africa,57532493,1138757,1-2%
27,Myanmar,55184819,0.0061,334171,84,653290,-40682,2.06,30.4,0.346,0.0066,MMR,21.5739,95.8045,Asia,South-Eastern Asia,54850648,374853,0-1%
28,Colombia,53936226,0.0096,510591,49,1109500,115815,1.6,33.0,0.805,0.0065,COL,3.3731,-73.1743,South America,South America,53425635,394776,0-1%
29,Sudan,53282719,0.0314,1620572,30,1765048,252038,4.13,18.8,0.354,0.0064,SDN,16.3307,29.2607,Africa,Northern Africa,51662147,1368534,2%+
30,Uganda,52761469,0.0268,1376575,264,199810,-121799,3.97,17.1,0.308,0.0064,UGA,1.9726,32.9486,Africa,Eastern Africa,51384894,1498374,2%+
31,South Korea,51600388,-0.0013,-66641,531,97230,62644,0.76,46.2,0.828,0.0062,KOR,36.3849,128.1295,Asia,Eastern Asia,51667029,-129285,Shrinking
32,Algeria,48028334,0.0125,593022,20,2381740,-28841,2.62,28.8,0.748,0.0058,DZA,27.3974,2.8082,Africa,Northern Africa,47435312,621863,1-2%
33,Iraq,48007437,0.021,986663,111,434320,-13102,3.13,21.1,0.73,0.0058,IRQ,33.094,43.2618,Asia,Western Asia,47020774,999765,2%+
34,Spain,47850793,-0.0008,-39165,96,498800,85305,1.24,46.3,0.796,0.0058,ESP,40.091,-3.4647,Europe,Southern Europe,47889958,-124470,Shrinking
35,Argentina,46003734,0.0033,152356,17,2736690,2316,1.51,33.3,0.965,0.0055,ARG,-33.5012,-64.1733,South America,South America,45851378,150040,0-1%
36,Afghanistan,45047069,0.0274,1202958,69,652860,-53884,4.56,17.4,0.269,0.0054,AFG,34.1643,66.4966,Asia,Southern Asia,43844111,1256842,2%+
37,Yemen,42961653,0.0284,1187775,81,527970,-22178,4.33,18.5,0.333,0.0052,YEM,15.3282,45.8744,Asia,Western Asia,41773878,1209953,2%+
38,Canada,40467728,0.0085,341005,4,9093510,291403,1.33,40.8,0.802,0.0049,CAN,60.3243,-101.9107,North America,Northern America,40126723,49602,0-1%
39,Angola,40215179,0.0301,1175140,32,1246700,-4270,4.89,16.7,0.694,0.0048,AGO,-12.1828,17.9842,Africa,Middle Africa,39040039,1179410,2%+
40,Ukraine,39535849,0.0143,555473,68,579320,-6229,1.0,41.8,0.755,0.0048,UKR,49.7247,32.1409,Europe,Eastern Europe,38980376,561702,1-2%
41,Morocco,38762441,0.0086,331671,87,446300,-60886,2.16,30.1,0.679,0.0047,MAR,31.6507,-7.1873,Africa,Northern Africa,38430770,392557,0-1%
42,Poland,37843188,-0.0078,-297722,124,306230,-7971,1.31,43.0,0.597,0.0046,POL,51.9903,19.4905,Europe,Eastern Europe,38140910,-289751,Shrinking
43,Uzbekistan,37724223,0.0181,670795,89,425400,-4517,3.4,27.0,0.479,0.0045,UZB,41.6936,64.0054,Asia,Central Asia,37053428,675312,1-2%
44,Mozambique,36639851,0.0283,1008198,47,786380,-55988,4.54,16.6,0.421,0.0044,MOZ,-13.9432,37.8379,Africa,Eastern Africa,35631653,1064186,2%+
45,Malaysia,36385115,0.0113,407277,111,328550,159001,1.52,31.4,0.778,0.0044,MYS,2.5287,113.8371,Asia,South-Eastern Asia,35977838,248276,1-2%
46,Ghana,35697557,0.0181,633285,157,227540,-24195,3.26,21.6,0.592,0.0043,GHA,7.7176,-1.0369,Africa,Western Africa,35064272,657480,1-2%
47,Saudi Arabia,35165787,0.0173,599459,16,2149690,108660,2.27,29.7,0.919,0.0042,SAU,23.8069,44.6996,Asia,Western Asia,34566328,490799,1-2%
48,Peru,34922148,0.01,345483,27,1280000,6707,1.93,30.6,0.809,0.0042,PER,-12.9767,-72.9002,South America,South America,34576665,338776,1-2%
49,Madagascar,33522052,0.0239,781374,58,581795,-2665,3.78,19.4,0.41,0.004,MDG,-18.6283,46.7042,Africa,Eastern Africa,32740678,784039,2%+
50,Côte d'Ivoire,33494346,0.0239,782799,105,318000,6535,4.1,18.5,0.495,0.004,CIV,7.4914,-5.5686,Africa,Western Africa,32711547,776264,2%+
51,Cameroon,30640817,0.0255,761480,65,472710,-18922,4.12,18.2,0.598,0.0037,CMR,4.585,12.4735,Africa,Middle Africa,29879337,780402,2%+
52,Nepal,29629410,0.0004,11292,207,143350,-292014,1.92,25.7,0.253,0.0036,NPL,28.2979,83.6399,Asia,Southern Asia,29618118,303306,0-1%
53,Niger,28814878,0.0321,897047,23,1266700,-10620,5.64,15.7,0.185,0.0035,NER,17.4462,9.5044,Africa,Western Africa,27917831,907667,2%+
54,Venezuela,28633711,0.0041,116815,32,882050,-92869,2.04,29.5,,0.0034,VEN,7.1825,-64.5994,South America,South America,28516896,209684,0-1%
55,Australia,27227096,0.0094,253070,4,7682300,131706,1.64,38.5,0.867,0.0033,AUS,-24.1295,134.0497,Oceania,Australia and New Zealand,26974026,121364,0-1%
56,North Korea,26633691,0.0024,62655,221,120410,-2809,1.75,36.8,0.637,0.0032,PRK,39.8853,126.4445,Asia,Eastern Asia,26571036,65464,0-1%
57,Syria,26472497,0.0333,852070,144,183630,305822,2.62,23.8,0.542,0.0032,SYR,35.0066,38.2778,Asia,Western Asia,25620427,546248,2%+
58,Mali,25932275,0.0291,733454,21,1220190,-52609,5.33,15.9,0.451,0.0031,MLI,18.6927,-2.0385,Africa,Western Africa,25198821,786063,2%+
59,Burkina Faso,24601700,0.0219,527120,90,273600,-28309,3.92,18.0,0.345,0.003,BFA,12.673,-1.3639,Africa,Western Africa,24074580,555429,2%+
60,Sri Lanka,23348315,0.0051,118845,372,62710,-30760,1.93,33.6,0.182,0.0028,LKA,7.5811,80.7048,Asia,Southern Asia,23229470,149605,0-1%
61,Taiwan,23011292,-0.0044,-101501,650,35410,-15041,0.86,45.4,0.849,0.0028,TWN,23.6524,120.8682,Asia,Eastern Asia,23112793,-86460,Shrinking
62,Malawi,22785535,0.0256,569415,242,94280,1348,3.45,18.4,0.202,0.0027,MWI,-13.3867,33.6081,Africa,Eastern Africa,22216120,568067,2%+
63,Zambia,22521915,0.0277,608041,30,743390,6939,3.91,18.2,0.474,0.0027,ZMB,-14.6608,26.3953,Africa,Eastern Africa,21913874,601102,2%+
64,Chad,21560380,0.0265,556675,17,1259200,-112304,5.83,15.7,0.227,0.0026,TCD,15.143,18.645,Africa,Middle Africa,21003705,668979,2%+
65,Kazakhstan,21083626,0.0115,239872,8,2699700,-12814,2.92,29.7,0.552,0.0025,KAZ,49.0541,68.6855,Asia,Central Asia,20843754,252686,1-2%
66,Somalia,20305907,0.0331,651168,32,627340,15364,5.8,15.6,0.471,0.0024,SOM,3.5689,45.1924,Africa,Eastern Africa,19654739,635804,2%+
67,Chile,19945850,0.0043,85929,27,743532,48106,1.12,37.4,0.851,0.0024,CHL,-38.1518,-72.3189,South America,South America,19859921,37823,0-1%
68,Senegal,19366548,0.023,434582,101,192530,-13429,3.66,19.8,0.53,0.0023,SEN,15.1381,-14.7786,Africa,Western Africa,18931966,448011,2%+
69,Guatemala,18967978,0.015,280097,177,107160,-7432,2.23,23.8,0.571,0.0023,GTM,14.9821,-90.4971,North America,Central America,18687881,287529,1-2%
70,Romania,18800605,-0.0057,-108045,82,230170,-28982,1.71,43.5,0.555,0.0023,ROU,45.7332,24.9726,Europe,Eastern Europe,18908650,-79063,Shrinking
71,Netherlands,18448775,0.0056,101956,547,33720,89379,1.44,41.5,0.889,0.0022,NLD,52.4222,5.6114,Europe,Western Europe,18346819,12577,0-1%
72,Ecuador,18444506,0.0085,154610,74,248360,-13851,1.78,29.7,0.664,0.0022,ECU,-1.2591,-78.1884,South America,South America,18289896,168461,0-1%
73,Cambodia,18051219,0.0114,203237,102,176520,-34323,2.49,26.4,0.269,0.0022,KHM,12.6476,104.5049,Asia,South-Eastern Asia,17847982,237560,1-2%
74,Zimbabwe,17273580,0.019,322785,45,386850,-54620,3.57,18.3,0.382,0.0021,ZWE,-18.9116,29.9254,Africa,Eastern Africa,16950795,377405,1-2%
75,Guinea,15441993,0.0227,342266,63,245720,-19725,3.96,18.5,0.409,0.0019,GIN,10.6185,-10.0164,Africa,Western Africa,15099727,361991,2%+
76,Benin,15170419,0.024,355959,135,112760,-6318,4.34,18.2,0.484,0.0018,BEN,10.3248,2.352,Africa,Western Africa,14814460,362277,2%+
77,Rwanda,14889693,0.022,320352,604,24670,-7003,3.54,20.2,0.185,0.0018,RWA,-1.8972,30.1039,Africa,Eastern Africa,14569341,327355,2%+
78,Burundi,14729157,0.0236,339154,574,25680,-35108,4.57,16.6,0.154,0.0018,BDI,-3.3328,29.9171,Africa,Eastern Africa,14390003,374262,2%+
79,Bolivia,12749291,0.0133,167448,12,1083300,-3157,2.47,25.5,0.71,0.0015,BOL,-16.666,-64.5934,South America,South America,12581843,170605,1-2%
80,South Sudan,12436037,0.0203,247249,20,610952,7974,3.63,19.0,0.283,0.0015,SSD,7.2305,30.3902,Africa,Eastern Africa,12188788,239275,2%+
81,Tunisia,12415138,0.0054,66565,80,155360,-14794,1.79,33.4,0.722,0.0015,TUN,33.6873,9.0079,Africa,Northern Africa,12348573,81359,0-1%
82,Haiti,12037506,0.011,131411,437,27560,-31968,2.55,24.3,0.624,0.0015,HTI,19.2638,-72.2241,North America,Caribbean,11906095,163379,1-2%
83,Belgium,11774642,0.0014,16039,389,30280,29607,1.4,42.1,0.99,0.0014,BEL,50.7854,4.8004,Europe,Western Europe,11758603,-13568,0-1%
84,Dominican Republic,11609500,0.0077,89013,240,48320,-35038,2.17,28.7,0.869,0.0014,DOM,19.1041,-70.654,North America,Caribbean,11520487,124051,0-1%
85,Jordan,11589532,0.006,68848,131,88780,60699,2.54,24.9,0.854,0.0014,JOR,30.805,36.376,Asia,Western Asia,11520684,8149,0-1%
86,United Arab Emirates,11574682,0.0202,228682,138,83600,87401,1.21,31.6,0.807,0.0014,ARE,23.4663,54.5473,Asia,Western Asia,11346000,141281,2%+
87,Honduras,11184760,0.0163,178910,100,111890,-4603,2.42,24.6,0.588,0.0013,HND,14.7948,-86.8876,North America,Central America,11005850,183513,1-2%
88,Tajikistan,10978599,0.0178,191865,78,139960,-20198,2.96,22.4,0.28,0.0013,TJK,38.1998,72.5873,Asia,Central Asia,10786734,212063,1-2%
89,Papua New Guinea,10947848,0.0172,185031,24,452860,-534,2.99,23.0,0.127,0.0013,PNG,-5.6953,143.9102,Oceania,Melanesia,10762817,185565,1-2%
90,Cuba,10892659,-0.0041,-44544,102,106440,-22086,1.46,42.5,0.824,0.0013,CUB,21.334,-77.9759,North America,Caribbean,10937203,-22458,Shrinking
91,Sweden,10701047,0.0042,44414,26,410340,42755,1.45,40.4,0.877,0.0013,SWE,65.8592,19.017,Europe,Northern Europe,10656633,1659,0-1%
92,Czech Republic (Czechia),10527781,-0.0077,-81458,136,77240,13400,1.47,44.3,0.757,0.0013,CZE,49.8824,15.3776,Europe,Eastern Europe,10609239,-94858,Shrinking
93,Azerbaijan,10454855,0.0055,57142,126,82658,7708,1.66,34.1,0.591,0.0013,AZE,40.4024,47.211,Asia,Western Asia,10397713,49434,0-1%
94,Portugal,10395362,-0.0016,-16472,113,91590,16968,1.52,47.2,0.669,0.0013,PRT,39.6067,-8.2718,Europe,Southern Europe,10411834,-33440,Shrinking
95,Togo,9930918,0.0215,209310,183,54390,-12642,4.01,19.2,0.448,0.0012,TGO,8.8072,1.0581,Africa,Western Africa,9721608,221952,2%+
96,Greece,9897115,-0.0042,-41729,77,128900,14649,1.34,47.1,0.9,0.0012,GRC,39.4928,21.7257,Europe,Southern Europe,9938844,-56378,Shrinking
97,Israel,9647689,0.0137,130508,446,21640,13023,2.73,29.3,0.915,0.0012,ISR,30.9111,34.8479,Asia,Western Asia,9517181,117485,1-2%
98,Hungary,9585818,-0.0048,-46469,106,90530,12936,1.5,44.2,0.724,0.0012,HUN,47.0868,19.4479,Europe,Eastern Europe,9632287,-59405,Shrinking
99,Austria,9107266,-0.0007,-6308,111,82409,13212,1.34,43.9,0.59,0.0011,AUT,47.5189,14.1305,Europe,Western Europe,9113574,-19520,Shrinking
100,Switzerland,9007798,0.0045,40391,228,39516,34096,1.45,43.2,0.746,0.0011,CHE,46.7191,7.464,Europe,Western Europe,8967407,6295,0-1%
101,Sierra Leone,8996745,0.0201,176951,125,72180,-12277,3.53,19.9,0.46,0.0011,SLE,8.6174,-11.7637,Africa,Western Africa,8819794,189228,2%+
102,Belarus,8937018,-0.0067,-60585,44,202910,-3608,1.23,41.8,0.851,0.0011,BLR,53.8219,28.4177,Europe,Eastern Europe,8997603,-56977,Shrinking
103,Laos,7974017,0.0128,100971,35,230800,-11125,2.33,25.3,0.389,0.001,LAO,19.4318,102.5339,Asia,South-Eastern Asia,7873046,112096,1-2%
104,Turkmenistan,7736632,0.0155,117785,16,469930,11792,2.6,27.3,0.467,0.0009,TKM,39.8552,58.6766,Asia,Central Asia,7618847,105993,1-2%
105,Libya,7539851,0.0109,81296,4,1759540,2610,2.21,28.0,0.777,0.0009,LBY,26.6389,18.011,Africa,Northern Africa,7458555,78686,1-2%
106,Kyrgyzstan,7400465,0.0145,105431,39,191800,39,2.72,25.5,0.355,0.0009,KGZ,41.6685,74.5326,Asia,Central Asia,7295034,105392,1-2%
107,Hong Kong,7378602,-0.0024,-17474,7027,1050,-12576,0.75,47.9,,0.0009,HKG,22.4488,114.0978,Asia,Eastern Asia,7396076,-4898,Shrinking
108,Nicaragua,7097329,0.0128,89827,59,120340,-8485,2.16,26.3,0.582,0.0009,NIC,12.6707,-85.0693,North America,Central America,7007502,98312,1-2%
109,Paraguay,7095279,0.0117,82201,18,397300,-12243,2.37,27.3,0.683,0.0009,PRY,-21.6745,-60.1464,South America,South America,7013078,94444,1-2%
110,Bulgaria,6667659,-0.007,-46901,61,108560,-5722,1.74,45.0,0.774,0.0008,BGR,42.5088,25.1571,Europe,Eastern Europe,6714560,-41179,Shrinking
111,Serbia,6641964,-0.007,-47075,76,87460,-5883,1.5,44.7,0.742,0.0008,SRB,44.1899,20.788,Europe,Southern Europe,6689039,-41192,Shrinking
112,Congo,6637785,0.0236,153348,19,341500,-3298,3.99,18.7,0.703,0.0008,COG,0.1423,15.9005,Africa,Middle Africa,6484437,156646,2%+
113,El Salvador,6391253,0.004,25750,308,20720,-23530,1.74,28.4,0.805,0.0008,SLV,13.6854,-88.8901,North America,Central America,6365503,49280,0-1%
114,Denmark,6023520,0.0035,21013,142,42430,18360,1.52,41.3,0.876,0.0007,DNK,55.967,9.0182,Europe,Northern Europe,6002507,2653,0-1%
115,Singapore,5905748,0.006,34998,8437,700,13379,0.97,36.8,,0.0007,SGP,1.3666,103.8169,Asia,South-Eastern Asia,5870750,21619,0-1%
116,Lebanon,5897467,0.0082,48046,576,10230,-6685,2.19,29.0,0.844,0.0007,LBN,34.1334,35.9929,Asia,Western Asia,5849421,54731,0-1%
117,Liberia,5853949,0.0214,122743,61,96320,-1051,3.71,19.0,0.557,0.0007,LBR,6.4472,-9.4604,Africa,Western Africa,5731206,123794,2%+
118,Central African Republic,5698984,0.0337,185702,9,622980,-15608,5.69,14.6,0.445,0.0007,CAF,6.9897,20.9069,Africa,Middle Africa,5513282,201310,2%+
119,State of Palestine,5692790,0.0185,103167,946,6020,-20055,3.13,20.3,0.85,0.0007,PSE,32.0474,35.2913,Asia,Western Asia,5589623,123222,1-2%
120,Oman,5671458,0.0322,176767,18,309500,79740,2.44,29.8,0.896,0.0007,OMN,22.1204,57.3366,Asia,Western Asia,5494691,97027,2%+
121,Norway,5652989,0.0053,29918,15,365268,12047,1.42,40.1,0.865,0.0007,NOR,61.3571,9.68,Europe,Northern Europe,5623071,17871,0-1%
122,Finland,5621739,-0.0003,-1590,18,303890,12666,1.3,43.4,0.871,0.0007,FIN,63.2524,27.2764,Europe,Northern Europe,5623329,-14256,Shrinking
123,Mauritania,5461319,0.0275,146254,5,1030700,-5842,4.49,17.5,0.609,0.0007,MRT,19.5871,-9.7403,Africa,Western Africa,5315065,152096,2%+
124,Slovakia,5451342,-0.0043,-23539,113,48088,134,1.57,42.8,0.543,0.0007,SVK,48.734,19.0499,Europe,Eastern Europe,5474881,-23673,Shrinking
125,Ireland,5356950,0.0092,48911,78,68890,32022,1.6,39.2,0.622,0.0006,IRL,53.0787,-7.7986,Europe,Northern Europe,5308039,16889,0-1%
126,New Zealand,5287479,0.0068,35580,20,263310,16435,1.64,38.0,0.837,0.0006,NZL,-39.759,172.787,Oceania,Australia and New Zealand,5251899,19145,0-1%
127,Costa Rica,5174789,0.0042,21839,101,51060,966,1.31,35.7,0.859,0.0006,CRI,10.0651,-84.0779,North America,Central America,5152950,20873,0-1%
128,Kuwait,5102773,0.0153,76695,286,17820,30696,1.49,34.8,0.913,0.0006,KWT,29.4136,47.314,Asia,Western Asia,5026078,45999,1-2%
129,Panama,4625718,0.0119,54529,62,74340,5665,2.07,30.6,0.711,0.0006,PAN,8.722,-80.3521,North America,Central America,4571189,48864,1-2%
130,Croatia,3822345,-0.0067,-25815,68,55960,-2491,1.47,45.5,0.622,0.0005,HRV,45.8058,16.3724,Europe,Southern Europe,3848160,-23324,Shrinking
131,Georgia,3804642,-0.0005,-2029,55,69490,1215,1.78,37.6,0.622,0.0005,GEO,41.8701,43.7357,Asia,Western Asia,3806671,-3244,Shrinking
132,Eritrea,3682669,0.021,75666,36,101000,-7520,3.55,19.5,0.759,0.0004,ERI,15.7874,38.2856,Africa,Eastern Africa,3607003,83186,2%+
133,Mongolia,3556798,0.0113,39698,2,1553560,12,2.54,27.0,0.673,0.0004,MNG,45.9975,104.1504,Asia,Eastern Asia,3517100,39686,1-2%
134,Uruguay,3382537,-0.0006,-2151,19,175020,-1413,1.38,36.7,,0.0004,URY,-32.9611,-55.9669,South America,South America,3384688,-738,Shrinking
135,Puerto Rico,3222688,-0.0039,-12601,363,8870,1056,0.94,46.2,,0.0004,PRI,18.2347,-66.4811,North America,Caribbean,3235289,-13657,Shrinking
136,Qatar,3173559,0.0185,57670,273,11610,24791,1.69,33.4,0.962,0.0004,QAT,25.2374,51.1435,Asia,Western Asia,3115889,32879,1-2%
137,Namibia,3153246,0.0195,60430,4,823290,47,3.13,21.5,0.552,0.0004,NAM,-20.5753,17.1082,Africa,Southern Africa,3092816,60383,1-2%
138,Bosnia and Herzegovina,3114242,-0.0082,-25853,61,51000,-7581,1.5,46.1,0.571,0.0004,BIH,44.0911,18.0684,Europe,Southern Europe,3140095,-18272,Shrinking
139,Moldova,2961253,-0.0116,-34853,90,32850,-16732,1.72,39.1,0.585,0.0004,MDA,47.435,28.4879,Europe,Eastern Europe,2996106,-18121,Shrinking
140,Armenia,2930915,-0.0073,-21450,103,28470,-27000,1.71,37.2,0.644,0.0004,ARM,40.4591,44.8006,Asia,Western Asia,2952365,5550,Shrinking
141,Gambia,2884079,0.022,61986,285,10120,-2894,3.7,18.8,0.622,0.0003,GMB,13.6417,-14.9983,Africa,Western Africa,2822093,64880,2%+
142,Jamaica,2833403,-0.0013,-3674,262,10830,-11683,1.33,33.3,0.607,0.0003,JAM,18.1371,-77.3188,North America,Caribbean,2837077,8009,Shrinking
143,Lithuania,2797338,-0.0116,-32806,45,62674,-4846,1.22,42.6,0.689,0.0003,LTU,55.1037,24.0899,Europe,Northern Europe,2830144,-27960,Shrinking
144,Albania,2751025,-0.0074,-20483,100,27400,-22595,1.32,37.8,0.716,0.0003,ALB,40.6549,20.1138,Europe,Southern Europe,2771508,2112,Shrinking
145,Gabon,2647399,0.0209,54269,10,257670,1152,3.49,21.6,0.838,0.0003,GAB,-0.4377,11.8359,Africa,Middle Africa,2593130,53117,2%+
146,Botswana,2603388,0.0161,41266,5,566730,-4169,2.63,23.7,0.761,0.0003,BWA,-22.1026,24.1792,Africa,Southern Africa,2562122,45435,1-2%
147,Lesotho,2389336,0.011,26011,79,30360,-4876,2.61,22.1,0.333,0.0003,LSO,-29.4802,28.2466,Africa,Southern Africa,2363325,30887,1-2%
148,Guinea-Bissau,2297808,0.0215,48293,82,28120,-1893,3.62,19.6,0.466,0.0003,GNB,12.1637,-14.5241,Africa,Western Africa,2249515,50186,2%+
149,Slovenia,2114573,-0.0012,-2499,105,20140,2609,1.58,45.0,0.561,0.0003,SVN,46.0608,14.9153,Europe,Southern Europe,2117072,-5108,Shrinking
150,Equatorial Guinea,1984468,0.0237,46037,71,28050,3533,3.96,20.9,0.642,0.0002,GNQ,2.333,8.9902,Africa,Middle Africa,1938431,42504,2%+
151,Latvia,1835935,-0.0095,-17624,30,62200,-360,1.35,43.8,0.677,0.0002,LVA,57.0669,25.4587,Europe,Northern Europe,1853559,-17264,Shrinking
152,North Macedonia,1804063,-0.0054,-9728,72,25220,-5731,1.47,41.4,0.703,0.0002,MKD,41.5582,21.5558,Europe,Southern Europe,1813791,-3997,Shrinking
153,Bahrain,1675572,0.0196,32240,2205,760,14280,1.77,33.4,,0.0002,BHR,26.056,50.5548,Asia,Western Asia,1643332,17960,1-2%
154,Trinidad and Tobago,1513268,0.0014,2113,295,5130,160,1.52,38.2,0.491,0.0002,TTO,10.9989,-60.9184,North America,Caribbean,1511155,1953,0-1%
155,Timor-Leste,1436923,0.013,18406,97,14870,-1695,2.5,22.1,0.367,0.0002,TLS,-8.8037,125.8547,Asia,South-Eastern Asia,1418517,20101,1-2%
156,Cyprus,1382334,0.0084,11580,150,9240,7210,1.37,39.1,0.611,0.0002,CYP,34.9133,33.0842,Asia,Western Asia,1370754,4370,0-1%
157,Estonia,1331062,-0.0098,-13170,31,42390,-716,1.38,43.2,0.675,0.0002,EST,58.7249,25.8671,Europe,Northern Europe,1344232,-12454,Shrinking
158,Eswatini,1269859,0.0109,13685,74,17200,-5493,2.64,22.7,0.317,0.0002,SWZ,-26.5337,31.4673,Africa,Southern Africa,1256174,19178,1-2%
159,Mauritius,1265059,-0.0025,-3221,623,2030,-2679,1.21,38.3,0.418,0.0002,MUS,-20.2995,57.5658,Africa,Eastern Africa,1268280,-542,Shrinking
160,Djibouti,1199459,0.013,15383,52,23180,302,2.54,25.2,0.714,0.0001,DJI,11.9763,42.4988,Africa,Eastern Africa,1184076,15081,1-2%
161,Fiji,937282,0.0044,4128,51,18270,-3385,2.23,28.3,0.613,0.0001,FJI,-17.8261,177.9754,Oceania,Melanesia,933154,7513,0-1%
162,Comoros,899010,0.0183,16163,483,1861,-2225,3.71,20.7,0.34,0.0001,COM,-11.7277,43.3181,Africa,Eastern Africa,882847,18388,1-2%
163,Réunion,886298,0.0044,3893,355,2500,-2079,2.12,38.4,,0.0001,REU,-21.1,55.5,Africa,Eastern Africa,882405,5972,0-1%
164,Solomon Islands,858288,0.0234,19643,31,27990,1570,3.42,20.9,0.23,0.0001,SLB,-8.0295,159.1705,Oceania,Melanesia,838645,18073,2%+
165,Guyana,840890,0.0059,4904,4,196850,-4787,2.35,26.5,0.268,0.0001,GUY,5.1243,-58.9426,South America,South America,835986,9691,0-1%
166,Bhutan,802214,0.0069,5532,21,38117,633,1.43,31.0,0.511,0.000097,BTN,27.5367,90.0403,Asia,Southern Asia,796682,4899,0-1%
167,Macao,723188,0.0016,1181,24106,30,826,0.7,40.3,0.983,0.000087,MAC,22.1297,113.556,Asia,Eastern Asia,722007,355,0-1%
168,Luxembourg,687448,0.0103,6995,265,2590,4938,1.41,39.7,0.874,0.000083,LUX,49.7337,6.0776,Europe,Western Europe,680453,2057,1-2%
169,Suriname,645256,0.0084,5406,4,156000,-965,2.19,28.9,0.624,0.000078,SUR,4.144,-55.9109,South America,South America,639850,6371,0-1%
170,Montenegro,626233,-0.0103,-6496,47,13450,-2824,1.79,40.4,0.697,0.000075,MNE,42.8031,19.1437,Europe,Southern Europe,632729,-3672,Shrinking
171,Western Sahara,610813,0.0165,9909,2,266000,4689,2.13,32.8,0.976,0.000074,ESH,23.9676,-12.6303,Africa,Northern Africa,600904,5220,1-2%
172,Malta,549011,0.0066,3606,1716,320,2157,1.12,41.5,0.762,0.000066,MLT,35.8929,14.433,Europe,Southern Europe,545405,1449,0-1%
173,Maldives,531517,0.0035,1841,1772,300,-2079,1.53,33.4,0.403,0.000064,MDV,4.1744,73.5076,Asia,Southern Asia,529676,3920,0-1%
174,Cabo Verde,529630,0.0044,2304,131,4030,-1338,1.49,29.5,0.796,0.000064,CPV,15.0748,-23.6394,Africa,Western Africa,527326,3642,0-1%
175,Brunei,469775,0.0074,3445,89,5270,8,1.7,33.2,0.806,0.000057,BRN,4.4483,114.5519,Asia,South-Eastern Asia,466330,3437,0-1%
176,Belize,428644,0.0135,5720,19,22810,392,1.99,27.3,0.49,0.000052,BLZ,17.2021,-88.713,North America,Central America,422924,5328,1-2%
177,Bahamas,404628,0.004,1595,40,10010,902,1.36,35.7,0.889,0.000049,BHS,26.4018,-77.1467,North America,Caribbean,403033,693,0-1%
178,Iceland,402329,0.0102,4063,4,100250,2027,1.49,36.6,0.837,0.000048,ISL,64.7793,-18.6737,Europe,Northern Europe,398266,2036,1-2%
179,Guadeloupe,372453,-0.0036,-1338,220,1690,-1442,2.04,47.4,,0.000045,GLP,16.2,-61.6,North America,Caribbean,373791,104,Shrinking
180,Mayotte,347536,0.0312,10525,927,375,-2,4.43,17.3,0.411,0.000042,MYT,-12.8,45.15,Africa,Eastern Africa,337011,10527,2%+
181,Vanuatu,342564,0.0221,7395,28,12190,-113,3.5,20.3,0.255,0.000041,VUT,-15.3715,166.9088,Oceania,Melanesia,335169,7508,2%+
182,Martinique,337711,-0.008,-2728,319,1060,-2264,1.95,50.2,,0.000041,MTQ,14.6,-61.0,North America,Caribbean,340439,-464,Shrinking
183,French Guiana,318872,0.0166,5206,4,82200,-765,3.25,24.9,0.952,0.000038,GUF,4.0,-53.0,South America,South America,313666,5971,1-2%
184,New Caledonia,297892,0.0087,2559,16,18280,348,1.93,34.8,0.763,0.000036,NCL,-21.0647,165.084,Oceania,Melanesia,295333,2211,0-1%
185,French Polynesia,283076,0.0022,611,77,3660,-1158,1.47,36.7,0.663,0.000034,PYF,-17.6281,-149.4616,Oceania,Polynesia,282465,1769,0-1%
186,Barbados,282724,0.0004,101,657,430,-98,1.71,39.7,0.327,0.000034,BRB,13.1637,-59.569,North America,Caribbean,282623,199,0-1%
187,Sao Tome & Principe,244994,0.0197,4740,255,960,-691,3.47,19.7,0.789,0.00003,STP,0.9709,7.021,Africa,Middle Africa,240254,5431,1-2%
188,Samoa,220528,0.0056,1222,78,2830,-2792,3.7,19.8,0.163,0.000027,WSM,-13.6391,-172.4382,Oceania,Polynesia,219306,4014,0-1%
189,Curaçao,185440,-0.0003,-47,418,444,462,1.07,39.0,0.812,0.000022,CUW,12.145,-68.9206,North America,Caribbean,185487,-509,Shrinking
190,Saint Lucia,180488,0.0019,339,296,610,-49,1.37,35.1,0.201,0.000022,LCA,13.8924,-60.9801,North America,Caribbean,180149,388,0-1%
191,Guam,170185,0.007,1186,315,540,-471,2.68,31.6,0.989,0.000021,GUM,13.3542,144.7036,Oceania,Micronesia,168999,1657,0-1%
192,Kiribati,138445,0.0143,1957,171,810,-441,3.06,23.0,0.579,0.000017,KIR,1.8204,-157.3846,Oceania,Micronesia,136488,2398,1-2%
193,Seychelles,134959,0.0164,2180,293,460,1367,2.06,34.6,0.434,0.000016,SYC,-4.6767,55.4802,Africa,Eastern Africa,132779,813,1-2%
194,Grenada,117362,0.0005,59,345,340,-199,1.45,34.9,0.358,0.000014,GRD,12.1132,-61.6805,North America,Caribbean,117303,258,0-1%
195,Micronesia,114183,0.0044,500,163,700,-1121,2.67,23.5,0.238,0.000014,FSM,6.8876,158.234,Oceania,Micronesia,113683,1621,0-1%
196,Aruba,108164,0.0002,17,601,180,73,1.6,41.7,0.451,0.000013,ABW,12.5174,-69.9728,North America,Caribbean,108147,-56,0-1%
197,Tonga,103291,-0.0043,-451,143,720,-2117,3.04,21.0,0.264,0.000012,TON,-21.21,-175.163,Oceania,Polynesia,103742,1666,Shrinking
198,St. Vincent & Grenadines,99245,-0.0068,-679,254,390,-671,1.73,34.7,0.626,0.000012,VCT,13.0879,-61.3359,North America,Caribbean,99924,-8,Shrinking
199,Antigua and Barbuda,94626,0.0044,417,215,440,-2,1.57,36.7,0.286,0.000011,ATG,17.3522,-61.7906,North America,Caribbean,94209,419,0-1%
200,Isle of Man,84055,-0.0007,-63,147,570,158,1.53,46.3,0.573,0.00001,IMN,54.2208,-4.5301,Europe,Northern Europe,84118,-221,Shrinking
201,Andorra,83753,0.0102,849,178,470,751,1.1,44.2,0.816,0.00001,AND,42.5476,1.5394,Europe,Southern Europe,82904,98,1-2%
202,U.S. Virgin Islands,83400,-0.0088,-738,238,350,-360,2.05,44.9,,0.00001,VIR,17.7467,-64.7792,North America,Caribbean,84138,-378,Shrinking
203,Cayman Islands,77196,0.0178,1352,322,240,888,1.5,39.1,0.885,0.0000093,CYM,19.3199,-81.2406,North America,Caribbean,75844,464,1-2%
204,Dominica,65511,-0.0055,-360,87,750,-241,1.46,36.6,0.856,0.0000079,DMA,15.4588,-61.345,North America,Caribbean,65871,-119,Shrinking
205,Bermuda,64459,-0.0015,-96,1289,50,-9,1.42,46.4,0.93,0.0000078,BMU,32.2966,-64.7636,North America,Northern America,64555,-87,Shrinking
206,Faeroe Islands,56526,0.0094,524,40,1396,311,2.19,37.1,0.395,0.0000068,FRO,62.1856,-7.0584,Europe,Northern Europe,56002,213,0-1%
207,Greenland,55629,-0.0021,-116,0,410450,-249,1.9,35.5,0.912,0.0000067,GRL,74.3194,-39.3353,North America,Northern America,55745,133,Shrinking
208,Turks and Caicos,47148,0.0063,293,50,950,151,1.43,39.6,0.8,0.0000057,TCA,21.8166,-71.7527,North America,Caribbean,46855,142,0-1%
209,Saint Kitts & Nevis,46992,0.0015,70,181,260,11,1.5,36.5,0.398,0.0000057,KNA,17.3366,-62.758,North America,Caribbean,46922,59,0-1%
210,American Samoa,45319,-0.0154,-710,227,200,-1004,2.22,29.1,,0.0000055,ASM,-14.3267,-170.7472,Oceania,Polynesia,46029,294,Shrinking
211,Sint Maarten,44447,0.0119,524,1307,34,485,1.42,42.0,0.996,0.0000054,SXM,18.0409,-63.0701,North America,Caribbean,43923,39,1-2%
212,Northern Mariana Islands,42914,-0.0144,-627,93,460,-790,2.24,38.8,,0.0000052,MNP,15.1882,145.7344,Oceania,Micronesia,43541,163,Shrinking
213,Gibraltar,40867,0.0185,741,4087,10,480,1.88,38.8,0.871,0.0000049,GIB,36.14,-5.35,Europe,Southern Europe,40126,261,1-2%
214,Liechtenstein,40368,0.006,240,252,160,193,1.54,44.7,0.148,0.0000049,LIE,47.1114,9.5594,Europe,Western Europe,40128,47,0-1%
215,British Virgin Islands,39936,0.0051,204,266,150,105,1.06,39.1,0.439,0.0000048,VGB,18.4266,-64.6366,North America,Caribbean,39732,99,0-1%
216,Monaco,38087,-0.0066,-254,25562,1,106,2.08,53.1,,0.0000046,MCO,43.7397,7.3983,Europe,Western Europe,38341,-360,Shrinking
217,Marshall Islands,35075,-0.0333,-1207,195,180,-1575,2.77,20.5,,0.0000042,MHL,7.0826,171.1936,Oceania,Micronesia,36282,368,Shrinking
218,San Marino,33605,0.001,33,560,60,127,1.17,49.1,,0.000004,SMR,43.9339,12.4412,Europe,Southern Europe,33572,-94,0-1%
219,Caribbean Netherlands,31913,0.0183,575,97,328,509,1.44,39.7,0.649,0.0000038,BES,12.2,-68.26,North America,Caribbean,31338,66,1-2%
220,Saint Martin,23898,-0.0418,-1043,451,53,-1034,2.59,43.9,,0.0000029,MAF,18.0813,-63.0494,North America,Caribbean,24941,-9,Shrinking
221,Palau,17614,-0.0028,-49,38,460,-22,1.84,38.9,,0.0000021,PLW,7.5183,134.5802,Oceania,Micronesia,17663,-27,Shrinking
222,Anguilla,14817,0.006,89,165,90,33,1.34,39.1,,0.0000018,AIA,18.243,-63.0264,North America,Caribbean,14728,56,0-1%
223,Cook Islands,12826,-0.0329,-437,53,240,-419,1.98,38.1,,0.0000015,COK,-21.216,-159.7857,Oceania,Polynesia,13263,-18,Shrinking
224,Nauru,12101,0.0063,76,605,20,-111,3.21,20.2,0.938,0.0000015,NRU,-0.5203,166.9326,Oceania,Micronesia,12025,187,0-1%
225,Saint Barthelemy,11550,0.0119,136,550,21,143,0.84,39.1,,0.0000014,BLM,17.902,-62.8332,North America,Caribbean,11414,-7,1-2%
226,Wallis & Futuna,11113,-0.0072,-81,79,140,-80,1.39,38.6,,0.0000013,WLF,-14.2864,-178.1374,Oceania,Polynesia,11194,-1,Shrinking
227,Tuvalu,9362,-0.0137,-130,312,30,-225,3.1,24.1,0.89,0.0000011,TUV,-8.5137,179.2096,Oceania,Polynesia,9492,95,Shrinking
228,Saint Pierre & Miquelon,5513,-0.0109,-61,24,230,-9,1.28,47.6,,0.00000066,SPM,47.0403,-56.3324,North America,Northern America,5574,-52,Shrinking
229,Saint Helena,5147,-0.0096,-50,13,390,0,1.64,51.0,0.341,0.00000062,SHN,-15.9505,-5.7126,Africa,Western Africa,5197,-50,Shrinking
230,Montserrat,4328,-0.0071,-31,43,100,-10,1.45,41.8,0.117,0.00000052,MSR,16.7372,-62.1883,North America,Caribbean,4359,-21,Shrinking
231,Falkland Islands,3465,-0.0012,-4,0,12170,-16,1.69,43.4,0.684,0.00000042,FLK,-51.6089,-58.7386,South America,South America,3469,12,Shrinking
232,Tokelau,2691,0.0318,83,269,10,43,2.54,27.6,,0.00000032,TKL,-9.2,-171.8,Oceania,Polynesia,2608,40,2%+
233,Niue,1822,0.0005,1,7,260,2,2.44,35.1,0.452,0.00000022,NIU,-19.046,-169.8626,Oceania,Polynesia,1821,-1,0-1%
234,Holy See,506,0.01,5,1265,0,13,1.0,56.2,,0.000000061,VAT,41.9033,12.4534,Europe,Southern Europe,501,-8,1-2%
